journal_code,fy,submission,decision,tat_to_first_decision,tat_to_acceptance,accept_rate,triage_rate,edr_rate
AAAI,2026,406.2,168.92,87.53,200.81,0.21,0.62,0.16
AAB,2026,456.76,215.75,82.09,207.71,0.28,0.54,0.09
AAC2,2026,29.5,222.67,73.07,168.6,0.35,0.51,0.15
AAE,2026,106.9,201.35,71.05,170.1,0.42,0.43,0.08
AAS,2026,864.07,230.18,71.57,178.05,0.23,0.64,0.23
AB,2026,487.21,214.37,67.06,195.72,0.26,0.6,0.1
ABAC,2026,435.26,206.08,95.27,245.19,0.23,0.58,0.06
ACEL,2026,1519.63,463.17,60.13,155.61,0.26,0.59,0.31
ACEM,2026,2181.06,307.13,56.33,127.36,0.27,0.61,0.08
ACER,2026,792.43,281.06,84.9,194.15,0.4,0.42,0.08
ACFI,2026,907.93,392.31,79.05,227.49,0.23,0.57,0.04
ACGS,2026,443.7,230.69,63.69,161.65,0.32,0.52,0.07
ACM2,2026,878.83,317.74,70.49,167.57,0.24,0.61,0.26
ACN3,2026,1372.67,349.84,53.24,136.99,0.28,0.59,0.07
ACP,2026,496.24,223.56,54.71,154.61,0.26,0.57,0.14
ACPS,2026,727.19,221.16,57.08,136.52,0.23,0.66,0.33
ACR,2026,1569.47,320.68,59.77,158.14,0.23,0.64,0.27
ACR2,2026,396.39,208.91,76.94,198.05,0.29,0.56,0.1
ACS,2026,1796.7,388.91,65.44,168.55,0.12,0.77,0.21
ACV,2026,572.95,236.07,71.02,194.93,0.31,0.53,0.07
ADB,2026,272.3,196.1,71.69,180.32,0.36,0.46,0.11
ADBI,2026,727.19,221.16,57.08,136.52,0.23,0.66,0.33
ADC2,2026,309.13,138.06,76.79,208.33,0.2,0.66,0.04
ADD,2026,1440.36,461.14,61.31,167.53,0.22,0.63,0.05
ADEM,2026,3899.22,998.79,71.11,154.76,0.21,0.65,0.38
ADFM,2026,27281.08,7128.5,35.89,84.22,0.22,0.64,0.61
ADHM,2026,6918.75,1331.59,57.17,122.93,0.2,0.69,0.35
ADJ,2026,752.81,211.07,61.63,152.31,0.25,0.62,0.24
ADMA,2026,22111.38,4880.14,43.74,104.78,0.21,0.64,0.59
ADMI,2026,1159.98,424.63,53.95,127.88,0.46,0.4,0.16
ADMT,2026,2603.4,940.53,64.27,154.0,0.25,0.62,0.31
ADOM,2026,3860.78,1405.58,36.41,94.69,0.29,0.54,0.46
ADPR,2026,257.4,151.96,60.68,126.28,0.54,0.3,0.05
ADSC,2026,1644.46,735.62,40.51,95.52,0.33,0.5,0.03
ADSR,2026,320.55,224.82,66.65,169.93,0.36,0.47,0.12
ADSU,2026,1372.17,358.98,51.55,135.88,0.3,0.56,0.15
ADTP,2026,800.21,256.04,66.51,172.26,0.28,0.54,0.1
ADTS,2026,1802.91,545.16,53.73,198.12,0.19,0.67,0.15
ADVS,2026,18727.92,5776.53,38.2,91.44,0.25,0.61,0.51
AEC,2026,402.0,234.84,75.55,183.54,0.36,0.47,0.08
AEHR,2026,161.68,170.64,85.05,188.28,0.4,0.47,0.06
AEJ,2026,526.25,220.63,85.99,194.65,0.24,0.55,0.07
AEL2,2026,161.35,154.2,83.76,175.28,0.38,0.41,0.07
AELM,2026,1218.36,453.47,57.92,150.49,0.44,0.43,0.23
AEN,2026,243.17,213.45,65.07,164.35,0.41,0.44,0.07
AENM,2026,7132.35,1472.42,39.71,99.34,0.22,0.63,0.54
AEPA,2026,355.63,182.49,94.55,231.17,0.24,0.63,0.05
AEPP,2026,49.14,238.8,66.73,165.73,0.32,0.5,0.09
AEQ,2026,369.21,205.98,65.61,164.38,0.32,0.54,0.07
AERE,2026,195.89,199.21,91.31,197.77,0.29,0.54,0.07
AESR,2026,461.1,246.97,66.31,159.75,0.33,0.51,0.13
AET2,2026,523.53,216.33,57.21,145.77,0.33,0.52,0.06
AFDR,2026,779.91,75.0,70.74,247.41,0.55,0.41,0.02
AFE,2026,460.59,169.36,69.87,286.67,0.25,0.57,0.08
AFF2,2026,426.98,251.79,66.5,165.17,0.35,0.47,0.09
AGA2,2026,403.3,203.06,69.06,190.59,0.27,0.6,0.11
AGE,2026,527.55,218.91,62.06,157.43,0.3,0.54,0.08
AGG2,2026,555.82,245.09,78.64,189.8,0.39,0.44,0.05
AGJ2,2026,1078.84,423.36,71.12,179.47,0.32,0.5,0.21
AGM2,2026,388.51,227.05,68.62,183.64,0.31,0.53,0.08
AGR,2026,661.48,347.66,58.02,196.51,0.35,0.48,0.05
AGS3,2026,554.46,241.47,52.13,128.81,0.27,0.51,0.01
AGT2,2026,797.42,254.52,60.08,149.15,0.31,0.54,0.12
AHE,2026,492.88,215.71,51.59,133.67,0.36,0.48,0.17
AHG,2026,612.74,193.64,77.02,224.13,0.25,0.61,0.12
AIC,2026,1697.01,497.91,53.29,133.12,0.29,0.58,0.08
AID2,2026,198.96,197.66,66.15,158.65,0.37,0.46,0.09
AIL2,2026,106.9,201.35,71.05,170.1,0.42,0.43,0.08
AISY,2026,1172.66,481.25,61.06,115.94,0.33,0.53,0.15
AJAD,2026,225.31,179.17,61.63,152.99,0.36,0.48,0.16
AJAG,2026,392.43,255.03,58.21,145.76,0.36,0.43,0.04
AJAR,2026,778.7,206.65,63.4,185.93,0.25,0.6,0.08
AJB2,2026,483.17,206.07,79.27,153.23,0.35,0.51,0.01
AJCO,2026,892.86,247.89,85.55,183.86,0.24,0.62,0.21
AJCP,2026,466.05,230.35,64.05,172.47,0.41,0.46,0.05
AJD,2026,1635.15,480.29,41.95,104.31,0.19,0.67,0.09
AJE,2026,387.88,215.4,55.48,135.06,0.33,0.53,0.05
AJES,2026,425.55,193.52,79.09,207.11,0.24,0.6,0.06
AJFS,2026,311.55,201.92,78.44,203.72,0.32,0.47,0.09
AJH,2026,1962.14,448.9,37.78,110.23,0.22,0.68,0.59
AJHB,2026,758.26,300.23,57.81,147.17,0.36,0.49,0.1
AJI,2026,483.99,262.82,63.99,160.87,0.33,0.48,0.12
AJIM,2026,461.68,185.19,73.85,183.6,0.28,0.59,0.1
AJMB,2026,226.24,229.21,69.49,170.37,0.36,0.46,0.1
AJMC,2026,179.63,192.53,70.6,176.23,0.35,0.51,0.08
AJMG,2026,1162.6,528.74,47.53,115.85,0.34,0.53,0.29
AJO,2026,527.14,257.13,64.61,149.48,0.34,0.52,0.19
AJOC,2026,874.39,406.18,62.11,131.93,0.32,0.48,0.19
AJP,2026,225.31,179.17,61.63,152.99,0.36,0.48,0.16
AJPA,2026,470.97,264.17,69.73,179.09,0.35,0.49,0.14
AJPH,2026,209.67,234.53,66.63,164.7,0.33,0.51,0.09
AJPS,2026,1406.08,455.37,63.94,240.42,0.23,0.51,0.06
AJR,2026,516.05,192.84,69.95,178.89,0.29,0.56,0.06
AJS4,2026,320.97,227.17,75.92,176.15,0.32,0.51,0.08
AJSP,2026,1063.41,225.13,80.95,217.06,0.14,0.73,0.06
AJUM,2026,198.96,197.66,66.15,158.65,0.37,0.46,0.09
ALL,2026,1513.29,599.85,39.42,121.28,0.25,0.62,0.31
ALR,2026,1002.63,374.67,37.21,109.25,0.23,0.56,0.28
ALZ,2026,2212.3,734.93,61.6,142.47,0.25,0.6,0.1
AMAN,2026,363.78,236.77,90.71,234.19,0.36,0.49,0.09
AME2,2026,358.26,215.17,72.33,170.1,0.33,0.53,0.05
AMET,2026,389.45,252.11,73.14,181.65,0.37,0.45,0.1
AMP2,2026,101.34,204.36,68.54,164.87,0.44,0.43,0.08
AMS2,2026,590.24,230.26,64.18,154.61,0.3,0.52,0.1
ANA,2026,2372.9,559.73,40.17,131.63,0.11,0.76,0.25
ANAE,2026,1224.03,298.4,25.28,69.52,0.26,0.63,0.12
ANBR,2026,320.55,224.82,66.65,169.93,0.36,0.47,0.12
ANDP,2026,686.73,214.81,78.75,187.1,0.25,0.56,0.05
ANDR,2026,956.93,343.18,55.18,155.11,0.28,0.55,0.07
ANEC,2026,386.93,224.33,66.78,171.18,0.36,0.47,0.11
ANGE,2026,26652.82,8746.01,31.17,64.89,0.21,0.62,0.67
ANHU,2026,230.0,240.95,73.39,170.08,0.34,0.5,0.1
ANOC,2026,101.86,227.9,75.75,193.54,0.39,0.45,0.09
ANR3,2026,778.7,206.65,63.4,185.93,0.25,0.6,0.08
ANS,2026,1671.24,553.01,61.59,148.05,0.29,0.54,0.05
ANSA,2026,134.04,224.04,67.57,164.94,0.38,0.45,0.08
ANSE,2026,214.47,223.15,62.44,152.72,0.36,0.42,0.2
ANTH,2026,139.36,187.4,76.2,181.09,0.38,0.44,0.07
ANTI,2026,444.0,217.77,75.32,184.48,0.25,0.53,0.06
ANZF,2026,161.68,170.64,85.05,188.28,0.4,0.47,0.06
ANZS,2026,223.33,166.76,70.0,188.59,0.34,0.5,0.13
AOC,2026,1468.15,710.23,86.97,176.03,0.34,0.48,0.02
AOGS,2026,1540.82,533.12,74.62,169.01,0.2,0.61,0.25
AOR,2026,585.38,274.9,45.73,149.81,0.34,0.5,0.17
AORN,2026,381.78,154.66,74.95,187.35,0.29,0.57,0.05
AOS,2026,1386.04,272.68,62.18,159.31,0.27,0.59,0.08
AOT,2026,508.36,209.53,74.65,193.6,0.31,0.49,0.05
APA,2026,1588.25,578.81,49.61,125.65,0.25,0.61,0.12
APCE,2026,386.93,224.33,66.78,171.18,0.36,0.47,0.11
APEL,2026,280.32,219.8,91.48,249.02,0.32,0.47,0.06
APHA,2026,1533.6,255.85,57.99,168.58,0.29,0.56,0.08
APHR,2026,598.77,189.13,84.24,211.58,0.2,0.66,0.19
APHW,2026,1215.55,297.7,57.25,151.26,0.22,0.65,0.09
APJ,2026,1136.13,253.97,67.74,151.04,0.28,0.58,0.07
APL,2026,2429.97,649.99,54.19,124.98,0.26,0.57,0.09
APM,2026,754.51,282.68,62.29,160.33,0.41,0.41,0.09
APP,2026,5171.2,1219.78,54.84,131.2,0.26,0.66,0.11
APP5,2026,314.66,239.0,69.26,175.15,0.31,0.52,0.1
APPL,2026,414.25,215.48,60.87,154.23,0.28,0.57,0.07
APPS,2026,1204.46,326.42,73.36,237.73,0.24,0.47,0.06
APPY,2026,406.2,168.92,87.53,200.81,0.21,0.62,0.16
APS,2026,246.47,245.41,66.87,165.42,0.33,0.51,0.12
APS3,2026,232.65,246.86,67.35,167.76,0.34,0.5,0.11
APT,2026,2627.72,627.0,42.29,162.69,0.21,0.62,0.17
APV,2026,310.71,221.32,79.13,192.14,0.31,0.55,0.11
APXR,2026,276.57,208.11,69.2,172.06,0.38,0.46,0.07
AQC,2026,499.67,243.34,68.4,156.81,0.35,0.5,0.13
AR,2026,651.77,262.48,62.93,161.11,0.34,0.51,0.1
ARA,2026,548.0,239.57,56.93,131.26,0.28,0.56,0.14
ARCH,2026,329.8,259.62,65.19,165.1,0.34,0.5,0.1
ARCM,2026,280.32,219.8,91.48,249.02,0.32,0.47,0.06
ARCO,2026,105.15,232.15,77.6,183.09,0.38,0.47,0.09
ARDP,2026,1038.49,420.33,41.5,99.49,0.28,0.6,0.08
AREA,2026,207.01,221.95,68.35,173.92,0.37,0.46,0.09
ARP,2026,118.04,216.96,62.08,159.82,0.36,0.46,0.08
ART,2026,2096.06,315.01,49.02,167.35,0.2,0.7,0.18
ASAP,2026,517.28,235.31,72.43,176.4,0.29,0.56,0.11
ASE,2026,632.33,286.6,61.49,170.91,0.27,0.51,0.23
ASEJ,2026,226.77,158.45,89.57,219.79,0.34,0.43,0.07
ASES,2026,392.43,255.03,58.21,145.76,0.36,0.43,0.04
ASH,2026,258.29,221.37,65.73,159.76,0.32,0.51,0.12
ASI,2026,1816.45,267.21,88.49,256.71,0.22,0.66,0.06
ASIA,2026,1993.9,905.22,49.27,103.45,0.42,0.43,0.27
ASJ,2026,576.42,250.24,69.6,181.72,0.23,0.57,0.06
ASJC,2026,1614.43,455.64,82.75,211.17,0.21,0.63,0.2
ASMB,2026,487.97,242.5,78.3,186.56,0.3,0.55,0.08
ASNA,2026,233.3,231.68,64.9,158.67,0.36,0.46,0.09
ASPP,2026,417.56,203.82,64.38,166.36,0.32,0.49,0.07
ASWP,2026,320.97,227.17,75.92,176.15,0.32,0.51,0.08
AUAR,2026,365.38,170.54,73.52,186.23,0.28,0.55,0.05
AUPA,2026,269.65,184.38,68.39,197.23,0.29,0.55,0.06
AUR,2026,800.22,362.0,50.09,133.23,0.33,0.46,0.15
AVJ,2026,537.99,206.06,60.51,154.33,0.33,0.53,0.06
AVSC,2026,393.83,233.52,66.64,175.27,0.32,0.5,0.08
AWR,2026,101.34,204.36,68.54,164.87,0.44,0.43,0.08
AWS2,2026,207.64,211.94,64.82,174.92,0.29,0.57,0.08
AZO,2026,224.56,208.76,68.35,161.09,0.35,0.5,0.08
BAB,2026,627.21,292.75,61.71,149.41,0.32,0.54,0.12
BAPI,2026,101.34,204.36,68.54,164.87,0.44,0.43,0.08
BASR,2026,425.55,193.52,79.09,207.11,0.24,0.6,0.06
BATT,2026,819.24,261.94,50.55,125.43,0.28,0.62,0.16
BBB,2026,824.39,247.23,57.72,145.9,0.35,0.51,0.11
BCO2,2026,298.88,170.36,77.5,199.33,0.37,0.45,0.04
BCP,2026,1724.9,643.81,52.66,127.62,0.24,0.62,0.12
BCPT,2026,974.98,234.45,55.53,132.69,0.27,0.62,0.09
BDD,2026,230.3,162.86,72.63,165.6,0.37,0.47,0.12
BDI,2026,627.22,207.32,96.94,199.74,0.34,0.53,0.08
BDM,2026,549.71,165.85,54.23,208.03,0.17,0.72,0.01
BDR,2026,460.59,169.36,69.87,286.67,0.25,0.57,0.08
BEER,2026,1321.38,367.11,56.56,171.32,0.21,0.71,0.06
BEM,2026,209.48,210.94,77.01,192.66,0.33,0.5,0.09
BERJ,2026,1142.3,304.15,52.12,149.57,0.16,0.71,0.12
BEWI,2026,108.23,221.18,86.67,203.54,0.37,0.46,0.11
BIMJ,2026,456.76,215.75,82.09,207.71,0.28,0.54,0.09
BIN,2026,402.14,234.29,70.2,173.85,0.35,0.45,0.1
BIO,2026,758.26,300.23,57.81,147.17,0.36,0.49,0.1
BIOE,2026,493.41,239.77,78.1,181.72,0.34,0.5,0.08
BIOF,2026,831.57,167.34,50.3,148.28,0.14,0.78,0.22
BIP,2026,185.58,109.72,52.07,149.75,0.4,0.48,0.01
BIRT,2026,491.5,233.06,90.05,224.95,0.3,0.54,0.17
BIT,2026,1114.09,414.97,54.87,124.77,0.31,0.51,0.34
BJC,2026,378.31,237.77,80.72,194.44,0.35,0.47,0.08
BJDP,2026,337.28,219.81,67.86,183.77,0.39,0.43,0.09
BJEP,2026,639.79,209.38,82.03,194.43,0.27,0.59,0.14
BJET,2026,1455.2,316.41,86.02,194.97,0.16,0.69,0.2
BJH,2026,3110.44,857.94,42.35,113.51,0.24,0.57,0.36
BJHP,2026,490.57,188.6,78.56,220.99,0.21,0.66,0.07
BJIR,2026,286.12,129.98,87.76,248.2,0.26,0.53,0.09
BJO,2026,2632.97,590.92,63.84,146.0,0.21,0.58,0.17
BJOM,2026,1617.13,409.33,68.12,252.77,0.12,0.76,0.02
BJOP,2026,613.35,185.87,69.7,183.14,0.22,0.67,0.2
BJOS,2026,493.41,239.77,78.1,181.72,0.34,0.5,0.08
BJP,2026,179.77,159.67,100.0,229.61,0.44,0.44,0.06
BJSO,2026,578.71,229.56,69.73,226.94,0.2,0.64,0.01
BJSP,2026,209.48,210.94,77.01,192.66,0.33,0.5,0.09
BJU,2026,1768.9,476.88,53.29,132.15,0.18,0.68,0.5
BKCS,2026,489.85,252.54,61.85,155.02,0.34,0.51,0.09
BLAR,2026,244.72,193.21,75.22,181.26,0.32,0.52,0.07
BLC2,2026,197.02,203.16,71.95,172.17,0.35,0.42,0.08
BLD,2026,272.3,196.1,71.69,180.32,0.36,0.46,0.11
BMB,2026,228.35,104.3,114.89,228.46,0.27,0.55,0.1
BMC,2026,1120.78,389.3,50.69,120.15,0.25,0.61,0.41
BMM2,2026,117.76,236.23,70.93,183.31,0.36,0.49,0.09
BMSP,2026,273.57,235.63,66.46,169.68,0.35,0.49,0.09
BOC,2026,237.12,172.47,69.06,188.6,0.31,0.49,0.11
BOER,2026,770.1,285.29,67.8,185.98,0.3,0.5,0.18
BOR,2026,106.36,222.42,72.7,174.22,0.43,0.42,0.08
BPA,2026,444.0,217.77,75.32,184.48,0.25,0.53,0.06
BPH,2026,1802.91,545.16,53.73,198.12,0.19,0.67,0.15
BRB3,2026,1956.27,953.02,72.91,158.04,0.36,0.42,0.02
BRE,2026,371.61,224.18,72.75,223.96,0.31,0.49,0.1
BRV,2026,467.22,249.78,77.57,196.91,0.36,0.46,0.05
BSB2,2026,101.17,249.38,70.22,167.39,0.36,0.49,0.1
BSD2,2026,1534.62,272.5,68.47,164.89,0.27,0.6,0.07
BSE,2026,5859.31,1939.2,52.42,176.4,0.22,0.65,0.12
BSL,2026,419.52,234.12,66.62,163.61,0.34,0.52,0.09
BTE2,2026,154.45,234.41,61.66,157.53,0.38,0.46,0.09
BTM2,2026,656.0,237.07,66.61,162.84,0.29,0.57,0.07
BTP,2026,377.77,206.91,68.98,170.64,0.29,0.56,0.11
BTPR,2026,434.29,184.79,72.1,167.69,0.28,0.61,0.06
CA,2026,745.43,189.5,59.92,143.6,0.17,0.73,0.07
CAAC,2026,230.3,162.86,72.63,165.6,0.37,0.47,0.12
CAC2,2026,1697.81,241.97,59.73,166.4,0.21,0.69,0.07
CAE,2026,1568.26,260.07,62.77,162.7,0.23,0.63,0.24
CAG,2026,161.35,154.2,83.76,175.28,0.38,0.41,0.07
CAI2,2026,320.14,238.94,68.75,163.98,0.3,0.53,0.11
CAIM,2026,1208.68,234.14,83.1,234.83,0.25,0.61,0.07
CAJE,2026,371.61,224.18,72.75,223.96,0.31,0.49,0.1
CAM4,2026,9628.22,1230.02,68.68,160.32,0.23,0.64,0.37
CAMH,2026,619.24,155.08,84.09,241.18,0.2,0.72,0.19
CAP,2026,268.47,199.23,63.61,159.41,0.34,0.48,0.11
CAPA,2026,159.23,214.48,76.88,179.94,0.36,0.48,0.1
CAPP,2026,474.97,211.88,70.67,190.59,0.29,0.54,0.07
CAPR,2026,493.41,239.77,78.1,181.72,0.34,0.5,0.08
CAR,2026,223.33,166.76,70.0,188.59,0.34,0.5,0.13
CARS,2026,179.63,192.53,70.6,176.23,0.35,0.51,0.08
CAS,2026,3168.52,1083.14,45.05,122.28,0.2,0.63,0.13
CASP,2026,874.39,406.18,62.11,131.93,0.32,0.48,0.19
CAV,2026,381.78,154.66,74.95,187.35,0.29,0.57,0.05
CB,2026,2326.37,507.95,55.9,222.41,0.14,0.72,0.07
CBDD,2026,1279.93,395.67,67.52,175.05,0.18,0.72,0.07
CBDV,2026,3513.38,1358.74,51.06,103.49,0.34,0.49,0.07
CBEN,2026,195.89,199.21,91.31,197.77,0.29,0.54,0.07
CBF,2026,895.44,264.95,60.25,133.07,0.21,0.69,0.16
CBIC,2026,1754.47,438.03,54.24,124.57,0.41,0.45,0.18
CBIN,2026,1098.54,377.34,69.91,191.16,0.18,0.67,0.22
CBM,2026,188.93,241.07,72.26,173.79,0.34,0.5,0.09
CC,2026,49.14,238.8,66.73,165.73,0.32,0.5,0.09
CCD,2026,1616.57,578.82,51.31,130.71,0.33,0.47,0.27
CCH,2026,939.08,271.1,84.3,223.97,0.24,0.6,0.15
CCHE,2026,500.46,249.7,65.71,164.13,0.34,0.49,0.09
CCR3,2026,3473.29,1964.83,49.52,114.58,0.46,0.29,0.07
CCS2,2026,544.45,226.45,87.6,217.92,0.27,0.57,0.09
CCTC,2026,2016.69,931.84,42.38,90.78,0.41,0.45,0.32
CDD,2026,1533.18,181.36,68.09,175.09,0.2,0.7,0.08
CDEP,2026,303.38,220.48,70.43,178.48,0.32,0.5,0.09
CDEV,2026,1389.44,514.93,62.77,182.6,0.33,0.47,0.11
CDOE,2026,834.87,234.7,71.96,197.61,0.27,0.58,0.21
CDQ,2026,261.59,207.35,69.63,187.51,0.29,0.52,0.08
CDT3,2026,268.77,192.28,62.07,156.3,0.37,0.47,0.08
CEA,2026,627.21,292.75,61.71,149.41,0.32,0.54,0.12
CEAS,2026,225.13,154.23,53.7,174.25,0.45,0.34,0.01
CEAT,2026,883.74,292.54,73.69,154.85,0.25,0.59,0.11
CELC,2026,795.55,318.43,45.83,106.36,0.49,0.36,0.19
CEM,2026,491.44,223.31,63.24,153.62,0.32,0.51,0.08
CEN,2026,1337.48,315.47,45.94,120.17,0.18,0.68,0.37
CEN3,2026,115.94,189.88,60.96,158.62,0.38,0.41,0.1
CEO,2026,1354.5,249.86,62.12,146.08,0.24,0.64,0.06
CEP,2026,819.24,261.94,50.55,125.43,0.28,0.62,0.16
CEP4,2026,51.77,209.34,69.05,162.25,0.39,0.45,0.1
CES2,2026,139.36,187.4,76.2,181.09,0.38,0.44,0.07
CESM,2026,192.93,236.65,67.91,179.79,0.35,0.49,0.09
CEY2,2026,758.77,312.88,45.39,129.25,0.27,0.54,0.31
CFP2,2026,109.54,232.53,70.19,174.82,0.35,0.49,0.09
CFS,2026,526.25,220.63,85.99,194.65,0.24,0.55,0.07
CFT2,2026,232.65,246.86,67.35,167.76,0.34,0.5,0.11
CGA,2026,274.58,236.27,64.13,165.54,0.32,0.51,0.09
CGE,2026,1093.32,282.59,55.17,141.38,0.29,0.58,0.31
CGF,2026,355.81,176.01,84.38,215.37,0.25,0.64,0.06
CHEM,2026,5040.61,2847.02,33.11,79.43,0.42,0.38,0.27
CHIR,2026,269.67,257.42,64.93,164.56,0.35,0.49,0.1
CHSO,2026,621.04,230.04,79.93,201.52,0.26,0.6,0.12
CID,2026,871.71,255.81,60.63,166.38,0.29,0.53,0.17
CIM2,2026,196.84,199.55,68.23,166.1,0.36,0.47,0.11
CISO,2026,201.77,233.14,68.47,170.46,0.34,0.51,0.09
CIT2,2026,966.06,204.15,87.89,195.65,0.22,0.66,0.2
CITE,2026,226.77,158.45,89.57,219.79,0.34,0.43,0.07
CIUZ,2026,112.84,230.25,64.78,154.9,0.41,0.45,0.09
CJAG,2026,396.39,208.91,76.94,198.05,0.29,0.56,0.1
CJAS,2026,453.1,183.07,68.27,205.15,0.23,0.62,0.06
CJCE,2026,1536.19,434.93,62.19,145.27,0.36,0.48,0.06
CJOC,2026,1321.38,367.11,56.56,171.32,0.21,0.71,0.06
CJP2,2026,417.56,203.82,64.38,166.36,0.32,0.49,0.07
CJS,2026,237.12,172.47,69.06,188.6,0.31,0.49,0.11
CKON,2026,99.92,205.19,73.98,172.98,0.44,0.42,0.08
CL2,2026,365.38,170.54,73.52,186.23,0.28,0.55,0.05
CLA,2026,146.93,176.48,57.76,143.38,0.43,0.39,0.07
CLC,2026,1229.57,363.65,59.24,103.32,0.18,0.67,0.04
CLEN,2026,613.08,224.43,75.24,186.28,0.28,0.57,0.09
CLI2,2026,119.47,222.29,72.6,185.22,0.37,0.46,0.08
CLR,2026,991.36,265.78,63.1,186.45,0.28,0.55,0.16
CLT2,2026,466.21,209.44,66.87,175.64,0.26,0.56,0.1
CM,2026,150.77,201.66,51.77,143.11,0.52,0.34,0.07
CMDC,2026,956.73,461.5,44.87,79.34,0.39,0.48,0.38
CMTD,2026,97.35,253.33,65.94,163.3,0.38,0.46,0.11
CMU2,2026,675.5,282.37,71.39,169.37,0.36,0.44,0.11
CNCR,2026,4648.01,579.69,38.59,102.69,0.1,0.85,0.77
CNCY,2026,401.8,214.32,56.55,138.01,0.27,0.59,0.36
CNE,2026,292.47,175.01,74.9,190.29,0.33,0.47,0.1
CNL2,2026,146.93,176.48,57.76,143.38,0.43,0.39,0.07
CNM,2026,1048.44,233.84,105.72,231.85,0.19,0.7,0.13
CNMA,2026,669.87,262.0,53.35,114.85,0.31,0.55,0.35
CNR2,2026,952.82,419.35,79.52,180.68,0.37,0.45,0.07
CNS,2026,2912.32,885.6,60.62,131.84,0.22,0.66,0.17
CNS3,2026,143.66,202.19,59.55,148.7,0.39,0.47,0.07
COA,2026,719.58,304.77,70.36,304.36,0.21,0.53,0.18
COB,2026,506.58,219.21,58.91,151.3,0.35,0.49,0.1
COBI,2026,1611.61,358.77,73.02,176.69,0.21,0.64,0.26
COD,2026,587.56,276.41,59.29,166.39,0.34,0.47,0.07
CODI,2026,1383.3,502.87,54.84,128.84,0.33,0.54,0.13
COEP,2026,366.83,215.46,67.97,188.89,0.32,0.49,0.07
COGS,2026,621.04,230.04,79.93,201.52,0.26,0.6,0.12
COIN,2026,2166.51,351.4,82.45,188.12,0.11,0.81,0.22
COL,2026,516.05,192.84,69.95,178.89,0.29,0.56,0.06
COM2,2026,106.9,201.35,71.05,170.1,0.42,0.43,0.08
CON4,2026,466.21,209.44,66.87,175.64,0.26,0.56,0.1
CONS,2026,230.3,162.86,72.63,165.6,0.37,0.47,0.12
CORG,2026,1059.73,331.8,68.29,278.66,0.19,0.62,0.24
COTE,2026,411.37,255.63,62.88,169.18,0.31,0.41,0.08
CPD3,2026,298.88,170.36,77.5,199.33,0.37,0.45,0.04
CPE,2026,4747.14,571.67,67.72,175.87,0.16,0.75,0.29
CPF,2026,336.73,178.24,63.44,161.58,0.33,0.5,0.08
CPHC,2026,1254.22,486.04,58.85,127.04,0.42,0.42,0.15
CPLU,2026,870.66,350.43,49.96,117.07,0.39,0.46,0.21
CPP,2026,600.91,254.97,58.04,137.24,0.29,0.58,0.08
CPR,2026,1715.55,416.6,36.13,108.56,0.16,0.73,0.7
CPS2,2026,163.45,230.74,67.53,165.29,0.32,0.47,0.12
CPT,2026,1475.91,402.82,54.98,134.74,0.28,0.58,0.11
CPTC,2026,440.19,263.63,62.68,150.52,0.35,0.48,0.15
CRAT,2026,497.63,200.74,65.31,152.25,0.39,0.43,0.11
CRE2,2026,605.48,283.41,77.8,191.17,0.3,0.52,0.07
CRF3,2026,1389.44,514.93,62.77,182.6,0.33,0.47,0.11
CRIM,2026,331.89,206.91,92.89,295.17,0.26,0.52,0.04
CRIQ,2026,230.3,162.86,72.63,165.6,0.37,0.47,0.12
CRJ,2026,933.91,263.6,108.36,225.12,0.22,0.57,0.25
CRQ,2026,255.44,235.29,68.04,191.38,0.34,0.44,0.1
CSC2,2026,993.6,329.95,68.98,164.35,0.3,0.56,0.12
CSP2,2026,568.39,350.51,101.1,240.8,0.39,0.42,0.13
CSR,2026,3756.78,755.82,64.64,177.2,0.18,0.69,0.04
CSSC,2026,2797.72,1247.99,44.08,93.05,0.32,0.55,0.41
CSY2,2026,179.63,192.53,70.6,176.23,0.35,0.51,0.08
CTA,2026,1846.69,557.42,48.23,136.57,0.24,0.66,0.34
CTD2,2026,276.57,208.11,69.2,172.06,0.38,0.46,0.07
CTH2,2026,639.79,209.38,82.03,194.43,0.27,0.59,0.14
CTI2,2026,634.67,191.03,55.85,156.11,0.27,0.6,0.07
CTM2,2026,4300.58,547.13,36.45,108.27,0.11,0.85,0.7
CTPP,2026,232.06,211.54,63.12,169.02,0.33,0.49,0.11
CTR,2026,1202.12,476.55,57.23,145.75,0.31,0.45,0.09
CTS,2026,989.19,338.92,58.39,139.0,0.42,0.42,0.06
CUAG,2026,138.87,211.32,82.35,216.82,0.29,0.54,0.08
CUP,2026,873.08,338.84,51.05,153.96,0.28,0.49,0.15
CURA,2026,311.55,201.92,78.44,203.72,0.32,0.47,0.09
CURJ,2026,314.66,239.0,69.26,175.15,0.31,0.52,0.1
CVI2,2026,875.27,196.79,57.65,133.35,0.12,0.77,0.26
CWE,2026,925.86,202.22,77.94,222.97,0.2,0.64,0.12
CYT,2026,519.47,238.92,57.38,143.39,0.33,0.5,0.09
CYTB,2026,207.01,221.95,68.35,173.92,0.37,0.46,0.09
CYTO,2026,288.32,243.42,68.06,169.45,0.35,0.5,0.09
DAC,2026,5112.58,1307.54,66.45,190.83,0.15,0.66,0.16
DAD2,2026,443.7,230.69,63.69,161.65,0.32,0.52,0.07
DAR,2026,525.4,285.39,71.27,191.18,0.33,0.49,0.04
DC,2026,548.0,239.57,56.93,131.26,0.28,0.56,0.14
DDG,2026,872.44,317.44,66.12,158.93,0.29,0.55,0.08
DDI,2026,619.24,155.08,84.09,241.18,0.2,0.72,0.19
DDR,2026,1210.39,273.91,54.57,125.67,0.19,0.7,0.19
DECH,2026,787.91,157.33,87.32,237.03,0.17,0.74,0.05
DECI,2026,502.18,231.59,69.99,213.73,0.26,0.57,0.08
DEN,2026,1334.46,458.45,36.55,109.14,0.15,0.6,0.4
DEO2,2026,225.13,154.23,53.7,174.25,0.45,0.34,0.01
DEP2,2026,252.06,199.96,70.07,187.21,0.34,0.52,0.12
DER2,2026,84.43,210.99,61.74,151.89,0.43,0.41,0.08
DESC,2026,602.51,254.59,72.07,220.65,0.26,0.58,0.16
DEV,2026,433.0,197.36,87.58,226.16,0.3,0.55,0.09
DEVE,2026,490.57,188.6,78.56,220.99,0.21,0.66,0.07
DEWB,2026,300.9,251.49,69.05,171.63,0.31,0.52,0.1
DGD,2026,179.63,192.53,70.6,176.23,0.35,0.51,0.08
DIAL,2026,143.66,202.19,59.55,148.7,0.39,0.47,0.07
DISA,2026,528.95,151.58,102.71,220.21,0.18,0.73,0.05
DMCN,2026,879.13,237.01,73.65,325.27,0.19,0.66,0.05
DME,2026,1162.84,286.74,69.39,153.24,0.27,0.61,0.36
DMRR,2026,1204.81,228.5,70.16,181.83,0.25,0.63,0.33
DOM,2026,3368.14,1303.24,39.43,108.69,0.23,0.56,0.54
DOME,2026,217.2,239.2,82.61,201.94,0.36,0.46,0.09
DPR,2026,442.01,127.13,78.65,188.68,0.19,0.74,0.01
DRO2,2026,107.02,208.03,68.08,170.92,0.35,0.51,0.09
DSJI,2026,298.24,227.86,66.58,168.18,0.33,0.49,0.08
DTA,2026,1043.93,242.51,55.34,143.18,0.36,0.52,0.13
DUG2,2026,223.33,166.76,70.0,188.59,0.34,0.5,0.13
DVDY,2026,268.77,192.28,62.07,156.3,0.37,0.47,0.08
DVG,2026,223.33,166.76,70.0,188.59,0.34,0.5,0.13
DYS,2026,179.19,195.93,73.67,181.68,0.33,0.5,0.1
EAHR,2026,159.23,214.48,76.88,179.94,0.36,0.48,0.1
EAP,2026,834.32,262.59,83.97,211.63,0.18,0.68,0.12
EAT,2026,859.19,351.41,51.02,141.3,0.29,0.52,0.31
ECE3,2026,2868.04,1940.86,47.76,113.18,0.54,0.28,0.17
ECHO,2026,754.15,294.04,46.73,127.53,0.35,0.53,0.24
ECI,2026,2580.57,375.53,32.8,89.75,0.09,0.84,0.07
ECIN,2026,691.45,255.48,75.66,228.9,0.2,0.56,0.02
ECM,2026,385.34,228.47,68.07,164.69,0.37,0.46,0.14
ECNO,2026,217.82,225.43,72.15,184.24,0.3,0.56,0.1
ECO,2026,421.92,209.63,85.62,233.81,0.32,0.48,0.05
ECOG,2026,593.58,321.51,61.4,159.27,0.35,0.41,0.17
ECOR,2026,303.38,220.48,70.43,178.48,0.32,0.5,0.09
ECOT,2026,638.51,221.36,64.84,161.79,0.26,0.55,0.14
ECPA,2026,219.32,217.51,66.65,160.79,0.3,0.55,0.09
ECPO,2026,528.41,207.85,79.87,244.16,0.31,0.51,0.1
ECS2,2026,791.05,418.31,71.0,164.13,0.31,0.42,0.05
ECY,2026,1540.82,533.12,74.62,169.01,0.2,0.61,0.25
EDE,2026,134.04,224.04,67.57,164.94,0.38,0.45,0.08
EDM2,2026,346.89,202.3,71.86,167.09,0.28,0.57,0.17
EDN3,2026,389.45,252.11,73.14,181.65,0.37,0.45,0.1
EDT,2026,511.5,253.19,59.35,152.3,0.31,0.52,0.18
EDTH,2026,308.79,214.33,64.36,210.44,0.34,0.47,0.08
EEA,2026,529.47,245.26,71.2,194.5,0.31,0.52,0.08
EEN,2026,633.2,203.25,72.42,167.55,0.25,0.52,0.1
EER2,2026,108.23,221.18,86.67,203.54,0.37,0.46,0.11
EET,2026,897.4,240.37,84.94,202.05,0.24,0.59,0.08
EFD2,2026,590.24,230.26,64.18,154.61,0.3,0.52,0.1
EFF,2026,203.81,185.09,66.08,182.74,0.32,0.51,0.07
EFP,2026,100.18,165.65,69.43,169.55,0.35,0.48,0.07
EFT2,2026,1098.54,377.34,69.91,191.16,0.18,0.67,0.22
EHF2,2026,1768.68,752.89,43.43,129.23,0.26,0.52,0.01
EHR,2026,433.0,197.36,87.58,226.16,0.3,0.55,0.09
EIP,2026,870.54,244.86,73.08,178.62,0.34,0.5,0.14
EJE,2026,533.65,253.75,93.15,215.41,0.28,0.55,0.14
EJED,2026,2290.79,766.44,66.65,170.63,0.23,0.53,0.03
EJH,2026,1075.53,289.82,36.46,85.51,0.2,0.73,0.44
EJHF,2026,1799.45,575.32,47.95,134.89,0.33,0.48,0.35
EJI,2026,922.59,281.94,59.51,166.51,0.29,0.6,0.13
EJIC,2026,852.15,423.2,57.66,112.37,0.41,0.43,0.23
EJLT,2026,453.1,238.55,65.5,168.5,0.33,0.51,0.1
EJN,2026,1186.04,485.13,60.63,162.02,0.34,0.48,0.07
EJOC,2026,1546.11,792.83,32.59,68.06,0.42,0.41,0.27
EJOP,2026,701.0,193.95,75.18,196.56,0.19,0.68,0.27
EJP,2026,1029.39,317.91,58.08,158.45,0.19,0.63,0.03
EJPR,2026,578.77,271.47,93.94,256.01,0.19,0.54,0.06
EJSP,2026,639.79,246.33,72.41,229.78,0.23,0.59,0.05
EJSS,2026,1022.3,304.49,76.87,259.87,0.17,0.65,0.07
ELAN,2026,485.26,239.19,51.53,132.03,0.33,0.53,0.1
ELE,2026,2247.89,481.29,53.71,148.85,0.22,0.57,0.14
ELL2,2026,1471.6,406.92,60.83,144.63,0.39,0.37,0.13
ELP2,2026,528.41,207.85,79.87,244.16,0.31,0.51,0.1
ELPS,2026,450.48,232.88,53.57,155.46,0.35,0.45,0.04
ELSA,2026,90.79,209.11,68.72,166.62,0.42,0.43,0.08
EM,2026,258.29,221.37,65.73,159.76,0.32,0.51,0.12
EMED,2026,134.04,224.04,67.57,164.94,0.38,0.45,0.08
EMI,2026,1513.2,347.7,59.23,137.34,0.13,0.78,0.41
EMI4,2026,456.41,242.13,63.15,165.83,0.37,0.45,0.08
EMIP,2026,551.65,223.59,70.18,194.43,0.27,0.57,0.08
EMM,2026,606.0,226.27,58.39,155.39,0.36,0.5,0.06
EMR,2026,159.23,214.48,76.88,179.94,0.36,0.48,0.1
EMRE,2026,1196.5,290.43,68.66,260.12,0.22,0.55,0.04
ENB2,2026,51.77,209.34,69.05,162.25,0.39,0.45,0.1
ENC2,2026,214.47,223.15,62.44,152.72,0.36,0.42,0.2
ENE,2026,3344.94,743.97,46.24,118.12,0.19,0.65,0.13
ENG2,2026,1125.54,568.93,47.35,119.11,0.36,0.48,0.03
ENR,2026,302.12,226.76,64.94,160.02,0.36,0.47,0.1
ENS,2026,279.82,236.57,63.54,163.24,0.31,0.51,0.1
ENTE,2026,2367.62,791.09,48.03,108.42,0.2,0.6,0.14
ENV,2026,276.57,208.11,69.2,172.06,0.38,0.46,0.07
EOM2,2026,225.31,179.17,61.63,152.99,0.36,0.48,0.16
EOS,2026,661.68,211.11,67.54,176.55,0.17,0.68,0.02
EP,2026,884.76,350.06,65.11,163.23,0.31,0.49,0.14
EPA2,2026,119.47,222.29,72.6,185.22,0.37,0.46,0.08
EPD2,2026,472.09,255.02,58.9,167.38,0.33,0.46,0.08
EPH,2026,598.21,289.56,61.28,157.27,0.4,0.43,0.12
EPI,2026,1710.68,785.29,39.6,121.3,0.26,0.52,0.01
EPI4,2026,443.7,230.69,63.69,161.65,0.32,0.52,0.07
EQE,2026,830.03,364.86,64.74,188.66,0.26,0.54,0.09
ERE,2026,269.65,184.38,68.39,197.23,0.29,0.55,0.06
ERV,2026,456.41,242.13,63.15,165.83,0.37,0.45,0.08
ESE3,2026,1091.99,633.52,42.57,96.31,0.51,0.39,0.18
ESI2,2026,388.36,173.72,68.54,162.3,0.29,0.58,0.14
ESO3,2026,278.9,226.68,81.38,208.04,0.36,0.47,0.12
ESP,2026,608.26,339.36,67.49,187.96,0.36,0.44,0.08
ESS2,2026,593.58,321.51,61.4,159.27,0.35,0.41,0.17
EST2,2026,858.54,320.6,77.25,187.65,0.3,0.53,0.07
ETH,2026,419.52,224.76,65.25,161.82,0.35,0.48,0.09
ETHO,2026,197.24,247.69,70.1,177.47,0.33,0.49,0.1
ETT,2026,3899.22,998.79,71.11,154.76,0.21,0.65,0.38
EUFM,2026,197.02,203.16,71.95,172.17,0.35,0.42,0.08
EULJ,2026,224.56,208.76,68.35,161.09,0.35,0.5,0.08
EV,2026,106.9,201.35,71.05,170.1,0.42,0.43,0.08
EVA,2026,556.08,257.87,65.28,168.77,0.4,0.4,0.08
EVAN,2026,110.29,230.8,69.33,172.64,0.37,0.46,0.09
EVE,2026,385.34,228.47,68.07,164.69,0.37,0.46,0.14
EVJ,2026,527.14,257.13,64.61,149.48,0.34,0.52,0.19
EXD,2026,2183.63,328.68,75.17,174.33,0.25,0.61,0.25
EXP2,2026,467.25,219.8,81.59,205.88,0.27,0.59,0.19
EXSY,2026,5668.47,596.83,65.22,160.06,0.06,0.9,0.42
FAAM,2026,278.9,226.68,81.38,208.04,0.36,0.47,0.12
FAF,2026,488.79,231.64,56.89,162.87,0.27,0.59,0.29
FAMP,2026,588.76,262.05,87.65,284.15,0.21,0.61,0.01
FARE,2026,497.63,200.74,65.31,152.25,0.39,0.43,0.11
FBA2,2026,203.81,185.09,66.08,182.74,0.32,0.51,0.07
FBE2,2026,279.82,236.57,63.54,163.24,0.31,0.51,0.1
FCP,2026,595.97,215.28,68.13,172.89,0.25,0.6,0.07
FCRE,2026,273.57,235.63,66.46,169.68,0.35,0.49,0.09
FCSR,2026,233.7,171.99,78.64,190.56,0.34,0.51,0.06
FEA2,2026,107.02,208.03,68.08,170.92,0.35,0.51,0.09
FEB2,2026,1499.82,399.56,30.25,91.79,0.18,0.62,0.23
FEB4,2026,764.6,265.48,52.81,142.3,0.31,0.55,0.06
FEBS,2026,1755.42,511.85,55.64,157.25,0.23,0.66,0.43
FEC,2026,1735.24,488.44,59.58,148.46,0.17,0.68,0.46
FEDR,2026,99.92,205.19,73.98,172.98,0.44,0.42,0.08
FEE,2026,461.68,185.19,73.85,183.6,0.28,0.59,0.1
FES3,2026,568.08,235.75,79.11,175.03,0.32,0.52,0.15
FFE,2026,1373.7,488.07,48.75,112.11,0.23,0.63,0.06
FFJ,2026,276.57,208.11,69.2,172.06,0.38,0.46,0.07
FFO2,2026,110.49,211.12,66.09,164.17,0.44,0.41,0.08
FFT2,2026,889.62,300.08,53.05,139.51,0.26,0.59,0.19
FHU2,2026,63.29,245.9,77.01,181.02,0.36,0.49,0.1
FIMA,2026,324.45,277.99,51.25,216.32,0.24,0.33,0.06
FIRE,2026,292.47,175.01,74.9,190.29,0.33,0.47,0.1
FISC,2026,299.62,240.99,75.81,184.11,0.3,0.53,0.1
FLAN,2026,466.21,209.44,66.87,175.64,0.26,0.56,0.1
FLD,2026,461.1,246.97,66.31,159.75,0.33,0.51,0.13
FME,2026,268.89,222.35,60.32,152.63,0.34,0.47,0.16
FMII,2026,377.08,217.02,82.63,179.25,0.32,0.53,0.08
FOG,2026,207.01,221.95,68.35,173.92,0.37,0.46,0.09
FOR,2026,805.99,227.43,92.22,351.12,0.15,0.68,0.01
FSB2,2026,2325.23,1015.63,35.52,108.19,0.23,0.51,0.13
FSN3,2026,3711.07,1270.24,64.57,143.82,0.23,0.65,0.04
FUCE,2026,139.36,187.4,76.2,181.09,0.38,0.44,0.07
FUT,2026,800.21,256.04,66.51,172.26,0.28,0.54,0.1
FWB,2026,732.6,248.21,80.47,178.21,0.27,0.59,0.3
GAMM,2026,65.09,219.86,77.31,177.08,0.38,0.47,0.1
GBB,2026,210.57,218.07,68.19,178.68,0.31,0.54,0.09
GBC,2026,402.9,243.82,76.18,166.9,0.44,0.4,0.1
GBI,2026,198.96,197.66,66.15,158.65,0.37,0.46,0.09
GCB,2026,4172.45,1413.31,43.63,92.56,0.25,0.63,0.16
GCBB,2026,268.47,199.23,63.61,159.41,0.34,0.48,0.11
GCC,2026,858.7,241.65,62.07,153.74,0.3,0.55,0.11
GCH2,2026,526.25,220.63,85.99,194.65,0.24,0.55,0.07
GDJ3,2026,143.66,202.19,59.55,148.7,0.39,0.47,0.07
GEA,2026,166.84,224.96,74.25,193.68,0.4,0.45,0.09
GEAN,2026,268.77,192.28,62.07,156.3,0.37,0.47,0.08
GEB,2026,857.67,296.6,70.96,207.47,0.23,0.62,0.19
GEC3,2026,113.32,235.77,70.3,176.68,0.39,0.46,0.09
GEND,2026,308.48,223.0,68.6,170.79,0.36,0.49,0.13
GEO2,2026,110.29,230.8,69.33,172.64,0.37,0.46,0.09
GEOJ,2026,209.48,210.94,77.01,192.66,0.33,0.5,0.09
GEOR,2026,252.06,199.96,70.07,187.21,0.34,0.52,0.12
GEPI,2026,433.0,197.36,87.58,226.16,0.3,0.55,0.09
GEQU,2026,223.33,166.76,70.0,188.59,0.34,0.5,0.13
GER,2026,385.22,235.16,69.41,182.41,0.31,0.54,0.09
GFS,2026,518.58,242.77,66.87,171.42,0.3,0.53,0.11
GGG3,2026,640.52,274.72,73.33,153.77,0.32,0.52,0.07
GGI,2026,1560.09,618.64,45.05,123.24,0.22,0.58,0.01
GGN2,2026,47.35,257.42,67.12,167.6,0.33,0.49,0.1
GGR,2026,100.18,165.65,69.43,169.55,0.35,0.48,0.07
GH2,2026,344.23,221.27,64.47,158.67,0.34,0.48,0.08
GHG3,2026,248.34,207.76,67.57,163.48,0.34,0.5,0.11
GJ,2026,778.55,319.69,66.12,173.2,0.32,0.53,0.07
GLAL,2026,84.43,210.99,61.74,151.89,0.43,0.41,0.08
GLIA,2026,488.79,231.64,56.89,162.87,0.27,0.59,0.29
GLOB,2026,396.93,224.07,64.79,169.83,0.33,0.5,0.08
GLR2,2026,188.93,241.07,72.26,173.79,0.34,0.5,0.09
GOVE,2026,655.6,216.87,63.45,151.39,0.21,0.65,0.1
GPOL,2026,554.46,241.47,52.13,128.81,0.27,0.51,0.01
GPR,2026,572.95,236.07,71.02,194.93,0.31,0.53,0.07
GPS,2026,863.95,192.71,77.18,177.51,0.18,0.75,0.27
GRL,2026,5535.8,2981.42,42.58,114.04,0.34,0.41,0.09
GROW,2026,720.26,224.1,90.78,262.88,0.23,0.63,0.09
GRS,2026,138.87,211.32,82.35,216.82,0.29,0.54,0.08
GSJ,2026,460.59,169.36,69.87,286.67,0.25,0.57,0.08
GTC,2026,413.53,211.6,47.69,118.18,0.31,0.55,0.11
GTD2,2026,808.95,544.12,57.2,115.25,0.37,0.33,0.21
GWAO,2026,1816.45,267.21,88.49,256.71,0.22,0.66,0.06
GWAT,2026,366.83,215.46,67.97,188.89,0.32,0.49,0.07
GWMR,2026,207.3,248.1,69.05,176.95,0.36,0.49,0.1
HAE,2026,503.49,297.61,60.14,157.81,0.37,0.35,0.09
HAST,2026,365.38,170.54,73.52,186.23,0.28,0.55,0.05
HBM,2026,1437.04,446.56,68.04,167.66,0.26,0.6,0.4
HCS2,2026,303.38,220.48,70.43,178.48,0.32,0.5,0.09
HDI,2026,444.0,217.77,75.32,184.48,0.25,0.53,0.06
HE,2026,109.54,232.53,70.19,174.82,0.35,0.49,0.09
HEAD,2026,1208.66,298.76,61.62,162.9,0.31,0.52,0.08
HEC,2026,1253.78,370.55,78.96,256.43,0.16,0.68,0.08
HED,2026,1917.84,601.45,58.87,140.3,0.26,0.53,0.23
HEL,2026,496.24,223.56,54.71,154.61,0.26,0.57,0.14
HEPR,2026,1499.82,399.56,30.25,91.79,0.18,0.62,0.23
HEQU,2026,686.73,214.81,78.75,187.1,0.25,0.56,0.05
HESR,2026,1038.64,279.86,67.32,180.31,0.27,0.59,0.08
HEX,2026,1046.38,421.79,53.35,137.94,0.32,0.52,0.31
HEYJ,2026,214.79,240.32,74.61,176.27,0.34,0.5,0.09
HFM,2026,499.67,243.34,68.4,156.81,0.35,0.5,0.13
HIC3,2026,106.36,222.42,72.7,174.22,0.43,0.42,0.08
HIPO,2026,258.29,221.37,65.73,159.76,0.32,0.51,0.12
HIR,2026,355.81,176.01,84.38,215.37,0.25,0.64,0.06
HIS,2026,1355.11,328.81,51.07,129.03,0.29,0.55,0.07
HIST,2026,196.84,199.55,68.23,166.1,0.36,0.47,0.11
HITH,2026,288.58,191.36,117.9,212.16,0.36,0.43,0.05
HIV,2026,588.79,257.02,61.62,154.98,0.32,0.51,0.11
HLCA,2026,359.16,136.75,56.96,101.9,0.32,0.57,0.12
HOJO,2026,233.7,171.99,78.64,190.56,0.34,0.51,0.06
HON,2026,814.6,160.47,55.28,109.16,0.2,0.72,0.27
HPJA,2026,421.92,209.63,85.62,233.81,0.32,0.48,0.05
HPM,2026,1733.49,221.55,83.87,198.13,0.25,0.63,0.32
HRDQ,2026,612.74,193.64,77.02,224.13,0.25,0.61,0.12
HRM,2026,1154.11,353.8,68.78,282.56,0.15,0.64,0.05
HRMJ,2026,1059.72,297.25,108.66,379.78,0.1,0.74,0.09
HSR2,2026,3763.07,1587.6,88.87,186.11,0.32,0.54,0.06
HTJ,2026,1199.24,481.93,40.41,99.8,0.27,0.59,0.04
HTL2,2026,158.79,234.91,66.69,155.07,0.36,0.45,0.1
HUP,2026,174.06,218.17,70.69,177.84,0.33,0.52,0.08
HVE2,2026,499.67,243.34,68.4,156.81,0.35,0.5,0.13
HYP,2026,855.59,438.27,65.83,157.28,0.36,0.46,0.06
IAR,2026,119.43,227.68,75.4,184.87,0.36,0.48,0.12
IBI,2026,474.97,211.88,70.67,190.59,0.29,0.54,0.07
IBRA,2026,203.81,185.09,66.08,182.74,0.32,0.51,0.07
ICAD,2026,461.68,185.19,73.85,183.6,0.28,0.59,0.1
ICD,2026,406.2,168.92,87.53,200.81,0.21,0.62,0.16
ICS,2026,527.14,257.13,64.61,149.48,0.34,0.52,0.19
IDH,2026,462.89,248.82,93.41,220.67,0.32,0.52,0.16
IDM2,2026,252.06,199.96,70.07,187.21,0.34,0.52,0.12
IDT,2026,638.51,221.36,64.84,161.79,0.26,0.55,0.14
IEJ,2026,850.4,312.81,60.99,159.98,0.28,0.52,0.27
IEP,2026,633.2,203.25,72.42,167.55,0.25,0.52,0.1
IID3,2026,1305.04,409.39,76.4,175.8,0.3,0.56,0.08
IIR,2026,49.14,238.8,66.73,165.73,0.32,0.5,0.09
IJAC,2026,915.6,436.9,62.88,169.79,0.32,0.48,0.18
IJAG,2026,237.12,172.47,69.06,188.6,0.31,0.49,0.11
IJAL,2026,987.7,268.22,65.05,142.11,0.28,0.6,0.05
IJAU,2026,298.88,170.36,77.5,199.33,0.37,0.45,0.04
IJC,2026,4762.33,652.55,57.8,151.76,0.12,0.81,0.22
IJCH,2026,191.78,162.61,77.48,191.9,0.3,0.51,0.05
IJCS,2026,2181.5,366.41,68.3,279.58,0.17,0.7,0.08
IJD,2026,3973.88,818.29,45.14,100.88,0.2,0.67,0.1
IJET,2026,311.55,201.92,78.44,203.72,0.32,0.47,0.09
IJFE,2026,2661.9,809.49,88.31,264.81,0.16,0.7,0.17
IJGO,2026,3573.74,838.35,62.84,126.06,0.27,0.57,0.08
IJI,2026,282.59,226.34,66.47,176.75,0.31,0.52,0.1
IJJS,2026,76.09,246.77,66.4,165.25,0.35,0.48,0.1
IJLH,2026,899.39,321.72,57.7,142.39,0.3,0.52,0.16
IJMR,2026,1127.36,237.78,73.23,327.06,0.22,0.6,0.07
IJN,2026,1383.59,480.05,149.6,292.41,0.21,0.62,0.02
IJNT,2026,467.14,162.97,52.4,112.71,0.26,0.64,0.19
IJOP,2026,1048.44,233.84,105.72,231.85,0.19,0.7,0.13
IJPO,2026,645.74,226.31,79.25,184.12,0.3,0.56,0.11
IJSA,2026,298.88,170.36,77.5,199.33,0.37,0.45,0.04
IJST,2026,162.09,206.28,76.13,196.29,0.39,0.43,0.08
IJSW,2026,598.77,189.13,84.24,211.58,0.2,0.66,0.19
IJTD,2026,346.89,202.3,71.86,167.09,0.28,0.57,0.17
IJU,2026,870.67,354.96,69.89,314.99,0.18,0.6,0.01
IJU5,2026,299.67,235.61,61.69,171.02,0.36,0.46,0.12
IJUN,2026,134.04,224.04,67.57,164.94,0.38,0.45,0.08
IJUR,2026,877.9,232.34,93.54,300.04,0.15,0.73,0.05
IMA,2026,1617.13,409.33,68.12,252.77,0.12,0.76,0.02
IMB,2026,366.83,215.46,67.97,188.89,0.32,0.49,0.07
IMCB,2026,523.53,216.33,57.21,145.77,0.33,0.52,0.06
IMED,2026,29.5,222.67,73.07,168.6,0.35,0.51,0.15
IMHJ,2026,261.59,207.35,69.63,187.51,0.29,0.52,0.08
IMIG,2026,605.48,283.41,77.8,191.17,0.3,0.52,0.07
IMJ,2026,1323.67,362.05,70.3,153.28,0.22,0.68,0.21
IMM,2026,871.43,253.1,58.93,152.04,0.24,0.6,0.44
IMT2,2026,875.27,196.79,57.65,133.35,0.12,0.77,0.26
INC3,2026,146.93,176.48,57.76,143.38,0.43,0.39,0.07
INF2,2026,605.63,228.52,60.3,150.65,0.27,0.59,0.26
INFA,2026,255.44,235.29,68.04,191.38,0.34,0.44,0.1
INFI,2026,309.13,138.06,76.79,208.33,0.2,0.66,0.04
INM,2026,1540.4,362.71,63.94,137.47,0.14,0.78,0.23
INMD,2026,154.45,234.41,61.66,157.53,0.38,0.46,0.09
INPR,2026,90.94,260.03,68.26,169.69,0.37,0.48,0.1
INR,2026,1067.1,272.4,65.4,177.78,0.21,0.66,0.28
INS,2026,869.27,295.24,54.0,135.65,0.3,0.57,0.32
INSR,2026,276.57,208.11,69.2,172.06,0.38,0.46,0.07
IPD,2026,698.37,270.55,67.53,178.22,0.26,0.55,0.07
IPR2,2026,1012.01,422.28,61.78,151.4,0.33,0.48,0.09
IRD,2026,496.24,223.56,54.71,154.61,0.26,0.57,0.14
IREL,2026,411.79,230.05,71.08,190.09,0.28,0.51,0.08
IRFI,2026,266.57,224.62,72.41,227.88,0.36,0.43,0.07
IRJ,2026,203.81,185.09,66.08,182.74,0.32,0.51,0.07
IROH,2026,52.83,230.58,65.49,175.8,0.38,0.46,0.09
IRV,2026,732.6,248.21,80.47,178.21,0.27,0.59,0.3
ISAF,2026,326.67,166.88,82.21,280.69,0.22,0.65,0.06
ISD2,2026,616.66,191.73,66.04,184.99,0.24,0.61,0.06
ISE3,2026,244.72,193.21,75.22,181.26,0.32,0.52,0.07
ISJ,2026,804.12,223.93,80.41,377.68,0.15,0.7,0.04
ISSJ,2026,613.35,185.87,69.7,183.14,0.22,0.67,0.2
ITL2,2026,413.53,211.6,47.69,118.18,0.31,0.55,0.11
ITOR,2026,1087.26,353.36,89.91,237.23,0.17,0.65,0.07
ITR2,2026,761.3,277.04,76.08,178.62,0.35,0.44,0.11
IUB,2026,1754.71,233.54,55.5,141.61,0.26,0.61,0.17
IWJ,2026,1414.5,453.48,61.14,114.55,0.28,0.42,0.2
JAA2,2026,237.12,172.47,69.06,188.6,0.31,0.49,0.11
JAAL,2026,406.2,168.92,87.53,200.81,0.21,0.62,0.16
JABA,2026,472.09,255.02,58.9,167.38,0.33,0.46,0.08
JAC,2026,893.69,255.05,68.52,161.39,0.25,0.62,0.13
JAC5,2026,375.55,252.25,57.58,139.17,0.34,0.47,0.12
JACC,2026,181.09,202.22,65.0,151.72,0.34,0.5,0.08
JACE,2026,2094.12,1180.47,43.29,104.79,0.37,0.4,0.28
JAD,2026,1095.78,425.05,70.62,181.23,0.25,0.58,0.06
JADE,2026,645.74,226.31,79.25,184.12,0.3,0.56,0.11
JAGE,2026,391.02,131.53,73.83,205.57,0.17,0.68,0.06
JAH3,2026,5829.66,2567.86,38.32,140.49,0.27,0.52,0.06
JAME,2026,581.57,298.2,76.64,193.79,0.38,0.45,0.12
JAN,2026,4516.9,815.06,60.82,158.28,0.24,0.64,0.24
JANE,2026,915.74,333.42,68.37,178.28,0.27,0.55,0.28
JAOC,2026,163.45,230.74,67.53,165.29,0.32,0.47,0.12
JAPP,2026,785.89,271.45,77.88,202.12,0.35,0.47,0.07
JAR,2026,331.89,206.91,92.89,295.17,0.26,0.52,0.04
JAR3,2026,154.49,208.07,68.92,153.55,0.4,0.44,0.07
JASP,2026,878.83,317.74,70.49,167.57,0.24,0.61,0.26
JAT,2026,802.81,295.41,40.53,118.06,0.3,0.6,0.06
JAV,2026,308.79,214.33,64.36,210.44,0.34,0.47,0.08
JAWR,2026,217.2,239.2,82.61,201.94,0.36,0.46,0.09
JBFA,2026,842.94,343.6,75.96,351.06,0.23,0.43,0.08
JBG,2026,532.73,245.39,66.26,171.05,0.32,0.52,0.11
JBI,2026,851.93,281.84,66.53,170.13,0.35,0.48,0.17
JBIO,2026,656.97,281.45,47.92,111.09,0.38,0.54,0.06
JBL,2026,806.89,234.06,80.59,269.85,0.21,0.57,0.05
JBM,2026,944.45,303.79,60.58,148.27,0.27,0.59,0.1
JBMB,2026,661.68,211.11,67.54,176.55,0.17,0.68,0.02
JBT,2026,1994.22,831.84,54.57,140.87,0.26,0.55,0.09
JCA,2026,251.93,195.2,68.0,188.1,0.37,0.45,0.1
JCAD,2026,437.96,251.99,66.32,170.46,0.29,0.51,0.09
JCAF,2026,434.29,184.79,72.1,167.69,0.28,0.61,0.06
JCAL,2026,1882.45,461.84,91.28,222.55,0.19,0.66,0.09
JCAP,2026,179.19,195.93,73.67,181.68,0.33,0.5,0.1
JCC,2026,884.76,350.06,65.11,163.23,0.31,0.49,0.14
JCCM,2026,461.1,246.97,66.31,159.75,0.33,0.51,0.13
JCCS,2026,468.94,232.47,49.16,116.27,0.35,0.49,0.08
JCD,2026,179.19,195.93,73.67,181.68,0.33,0.5,0.1
JCE,2026,1456.58,559.42,46.0,137.97,0.24,0.56,0.12
JCH,2026,601.41,355.14,45.03,113.96,0.34,0.41,0.15
JCLA,2026,1142.3,304.15,52.12,149.57,0.16,0.71,0.12
JCLP,2026,759.53,195.69,90.08,161.94,0.22,0.68,0.02
JCMM,2026,3451.95,941.9,64.04,147.77,0.25,0.61,0.14
JCMS,2026,977.29,282.33,55.46,156.58,0.31,0.47,0.1
JCOP,2026,1596.31,234.41,92.65,214.09,0.22,0.66,0.23
JCP,2026,2105.65,366.31,44.5,138.25,0.13,0.79,0.28
JCPE,2026,907.93,392.31,79.05,227.49,0.23,0.57,0.04
JCPH,2026,802.73,219.0,37.21,99.24,0.18,0.72,0.13
JCPP,2026,1256.98,360.59,79.7,206.87,0.2,0.63,0.11
JCPY,2026,833.66,320.63,87.5,397.13,0.1,0.6,0.08
JCSM,2026,1753.73,571.27,67.67,182.52,0.24,0.55,0.53
JCTB,2026,870.58,281.99,50.16,118.28,0.26,0.62,0.06
JCU,2026,1594.63,364.07,60.77,149.84,0.35,0.47,0.11
JCV2,2026,207.01,221.95,68.35,173.92,0.37,0.46,0.09
JDB,2026,1160.45,230.18,61.64,151.85,0.22,0.68,0.07
JDD,2026,962.14,387.57,55.21,141.05,0.3,0.51,0.09
JDE,2026,2567.44,675.55,40.14,114.89,0.26,0.54,0.05
JDI,2026,800.22,362.0,50.09,133.23,0.33,0.46,0.15
JDN,2026,419.52,234.12,66.62,163.61,0.34,0.52,0.09
JDV,2026,4620.59,658.22,46.29,115.01,0.13,0.8,0.63
JEAB,2026,492.69,211.36,79.17,227.38,0.39,0.44,0.07
JEBM,2026,640.52,274.72,73.33,153.77,0.32,0.52,0.07
JEC,2026,2671.31,347.11,67.62,172.07,0.29,0.54,0.18
JECS,2026,139.36,187.4,76.2,181.09,0.38,0.44,0.07
JEDM,2026,284.82,250.17,68.19,189.92,0.31,0.53,0.09
JEE,2026,574.54,235.16,103.05,267.5,0.24,0.58,0.06
JEMS,2026,620.99,254.56,81.84,266.54,0.26,0.57,0.08
JEMT,2026,1721.01,382.61,55.2,123.15,0.19,0.72,0.09
JEN,2026,490.57,188.6,78.56,220.99,0.21,0.66,0.07
JEP,2026,2368.26,352.49,69.69,159.44,0.3,0.57,0.2
JEQ2,2026,656.51,227.18,69.91,164.81,0.31,0.58,0.11
JERD,2026,1019.8,429.51,42.53,100.6,0.3,0.53,0.27
JEU,2026,201.77,233.14,68.47,170.46,0.34,0.51,0.09
JEV2,2026,1059.73,331.8,68.29,278.66,0.19,0.62,0.24
JEX2,2026,234.0,256.81,66.44,172.85,0.37,0.46,0.1
JEZ,2026,396.93,224.07,64.79,169.83,0.33,0.5,0.08
JEZB,2026,159.23,214.48,76.88,179.94,0.36,0.48,0.1
JFB,2026,1117.01,479.96,52.4,125.18,0.31,0.54,0.12
JFCJ,2026,49.14,238.8,66.73,165.73,0.32,0.5,0.09
JFD,2026,467.14,162.97,52.4,112.71,0.26,0.64,0.19
JFDS,2026,3099.96,1287.96,52.72,119.62,0.24,0.58,0.19
JFIR,2026,308.79,214.33,64.36,210.44,0.34,0.47,0.08
JFO,2026,1190.82,456.4,46.21,122.91,0.35,0.26,0.03
JFPE,2026,1278.53,376.19,56.76,149.17,0.26,0.59,0.41
JFR3,2026,378.31,237.77,80.72,194.44,0.35,0.47,0.08
JFS,2026,446.45,220.81,66.96,160.36,0.29,0.55,0.12
JFTR,2026,211.9,208.38,63.77,174.61,0.39,0.42,0.08
JGC4,2026,438.73,254.62,65.11,177.54,0.37,0.48,0.09
JGF2,2026,491.44,223.31,63.24,153.62,0.32,0.51,0.08
JGH,2026,2925.18,521.77,56.0,137.77,0.2,0.68,0.15
JGH3,2026,450.48,232.88,53.57,155.46,0.35,0.45,0.04
JGM,2026,1097.65,220.09,62.91,142.27,0.15,0.77,0.42
JGRA,2026,1389.44,514.93,62.77,182.6,0.33,0.47,0.11
JGRB,2026,2070.2,770.36,74.77,289.29,0.23,0.58,0.11
JGRC,2026,1210.77,698.41,61.68,163.0,0.39,0.4,0.16
JGRD,2026,2036.09,1243.16,59.17,146.93,0.42,0.37,0.16
JGRE,2026,754.51,282.68,62.29,160.33,0.41,0.41,0.09
JGRF,2026,964.93,277.12,73.77,184.37,0.33,0.48,0.08
JGRG,2026,688.22,379.85,73.53,190.68,0.4,0.35,0.04
JGS,2026,2320.8,646.51,43.12,116.27,0.22,0.65,0.24
JGT,2026,641.61,234.35,150.39,286.03,0.27,0.6,0.05
JHA2,2026,587.96,266.21,49.3,116.69,0.43,0.42,0.05
JHBP,2026,1196.5,290.43,68.66,260.12,0.22,0.55,0.04
JHBS,2026,161.68,170.64,85.05,188.28,0.4,0.47,0.06
JHET,2026,759.53,195.69,90.08,161.94,0.22,0.68,0.02
JHM,2026,1081.48,318.5,45.89,116.74,0.28,0.63,0.04
JHN,2026,846.17,240.91,53.46,152.08,0.23,0.65,0.17
JHRM,2026,87.28,179.83,67.31,156.23,0.39,0.38,0.1
JIA2,2026,844.82,229.04,90.63,187.03,0.27,0.63,0.06
JID,2026,1626.03,273.11,63.18,211.26,0.12,0.79,0.22
JIEC,2026,525.4,285.39,71.27,191.18,0.33,0.49,0.04
JIFM,2026,695.56,178.49,82.97,232.1,0.17,0.7,0.03
JIMD,2026,737.46,290.77,67.95,305.96,0.26,0.49,0.09
JIP,2026,86.22,260.33,79.81,189.06,0.33,0.5,0.1
JIR,2026,630.3,249.99,71.4,186.78,0.3,0.52,0.11
JJNS,2026,875.27,196.79,57.65,133.35,0.12,0.77,0.26
JLC,2026,161.35,154.2,83.76,175.28,0.38,0.41,0.07
JLCA,2026,139.36,187.4,76.2,181.09,0.38,0.44,0.07
JLCD,2026,792.43,281.06,84.9,194.15,0.4,0.42,0.08
JLS,2026,359.16,136.75,56.96,101.9,0.32,0.57,0.12
JMCD,2026,248.34,207.76,67.57,163.48,0.34,0.5,0.11
JMD2,2026,230.3,162.86,72.63,165.6,0.37,0.47,0.12
JMFT,2026,393.83,233.52,66.64,175.27,0.32,0.5,0.08
JMG,2026,174.06,218.17,70.69,177.84,0.33,0.52,0.08
JMI,2026,387.88,215.4,55.48,135.06,0.33,0.53,0.05
JMOR,2026,385.34,228.47,68.07,164.69,0.37,0.46,0.14
JMP,2026,168.5,249.31,66.86,171.58,0.36,0.48,0.1
JMR,2026,453.1,183.07,68.27,205.15,0.23,0.62,0.06
JMRI,2026,2313.63,1187.23,32.03,91.91,0.19,0.43,0.06
JMRS,2026,365.38,170.54,73.52,186.23,0.28,0.55,0.05
JMS,2026,377.08,217.02,82.63,179.25,0.32,0.53,0.08
JMV,2026,2833.18,921.06,49.59,125.56,0.28,0.56,0.4
JMWH,2026,834.32,262.59,83.97,211.63,0.18,0.68,0.12
JNC,2026,802.81,295.41,40.53,118.06,0.3,0.6,0.06
JNE,2026,426.63,233.76,73.43,190.28,0.31,0.54,0.09
JNM,2026,1568.32,275.15,50.35,128.85,0.14,0.79,0.07
JNP,2026,185.39,228.05,68.92,163.43,0.33,0.5,0.08
JNR,2026,623.7,292.21,59.22,161.66,0.28,0.53,0.23
JNS,2026,450.48,232.88,53.57,155.46,0.35,0.45,0.04
JNU,2026,976.8,375.6,66.36,148.19,0.18,0.56,0.04
JOA,2026,639.81,278.96,55.82,150.38,0.29,0.58,0.07
JOA3,2026,764.94,309.48,58.55,152.33,0.36,0.41,0.13
JOAC,2026,482.95,227.06,75.14,203.99,0.28,0.57,0.08
JOAR,2026,737.46,290.77,67.95,305.96,0.26,0.49,0.09
JOB,2026,1639.27,614.45,72.06,402.52,0.16,0.56,0.03
JOBM,2026,832.12,259.94,54.15,143.8,0.23,0.62,0.12
JOC,2026,1004.0,563.85,66.14,188.94,0.34,0.49,0.15
JOCA,2026,371.61,224.18,72.75,223.96,0.31,0.49,0.1
JOCB,2026,529.47,245.26,71.2,194.5,0.31,0.52,0.08
JOCD,2026,1544.97,792.55,46.64,108.9,0.36,0.46,0.11
JOCN,2026,5869.38,831.04,57.8,146.62,0.07,0.86,0.22
JOE,2026,575.09,243.16,96.6,212.39,0.29,0.56,0.09
JOEC,2026,210.57,218.07,68.19,178.68,0.31,0.54,0.09
JOES,2026,639.79,209.38,82.03,194.43,0.27,0.59,0.14
JOFT,2026,117.76,236.23,70.93,183.31,0.36,0.49,0.09
JOG,2026,2013.4,610.21,54.78,141.15,0.22,0.56,0.04
JOHC,2026,192.93,236.65,67.91,179.79,0.35,0.49,0.09
JOHS,2026,230.0,240.95,73.39,170.08,0.34,0.5,0.1
JOIM,2026,1775.83,285.57,64.66,115.54,0.13,0.75,0.03
JOLA,2026,199.65,198.25,65.73,174.2,0.39,0.44,0.1
JOLS,2026,443.7,230.69,63.69,161.65,0.32,0.52,0.07
JOMF,2026,688.42,326.3,65.03,276.39,0.22,0.47,0.05
JOMS,2026,2232.15,796.19,78.16,469.24,0.14,0.64,0.05
JON,2026,853.53,231.32,52.71,137.67,0.26,0.6,0.16
JOOM,2026,1109.83,245.15,78.27,365.54,0.18,0.62,0.04
JOOP,2026,1026.49,444.5,53.46,197.33,0.26,0.57,0.1
JOOR,2026,1208.18,475.53,94.9,201.34,0.27,0.52,0.54
JOP,2026,598.77,189.13,84.24,211.58,0.2,0.66,0.19
JOPR,2026,889.62,300.08,53.05,139.51,0.26,0.59,0.19
JOPY,2026,427.64,173.26,66.7,167.79,0.27,0.6,0.12
JOR,2026,889.62,300.08,53.05,139.51,0.26,0.59,0.19
JORA,2026,877.9,232.34,93.54,300.04,0.15,0.73,0.05
JORC,2026,516.05,192.84,69.95,178.89,0.29,0.56,0.06
JORE,2026,181.09,202.22,65.0,151.72,0.34,0.5,0.08
JORH,2026,288.32,243.42,68.06,169.45,0.35,0.5,0.09
JORI,2026,452.14,200.97,69.9,198.7,0.24,0.58,0.12
JORS,2026,941.85,264.25,95.19,346.55,0.13,0.68,0.11
JOSH,2026,966.06,204.15,87.89,195.65,0.22,0.66,0.2
JOSI,2026,135.88,214.16,67.26,174.04,0.38,0.46,0.09
JOSL,2026,484.81,241.3,75.14,203.89,0.3,0.55,0.09
JOSP,2026,286.12,129.98,87.76,248.2,0.26,0.53,0.09
JOSS,2026,333.15,215.35,71.0,170.78,0.33,0.52,0.12
JPC,2026,1190.1,395.93,69.13,165.71,0.25,0.59,0.18
JPCU,2026,528.41,207.85,79.87,244.16,0.31,0.51,0.1
JPE,2026,1989.12,492.68,62.08,169.32,0.21,0.63,0.35
JPEN,2026,527.55,218.91,62.06,157.43,0.3,0.54,0.08
JPER,2026,791.05,418.31,71.0,164.13,0.31,0.42,0.05
JPET,2026,444.08,237.13,74.76,198.71,0.27,0.52,0.07
JPG,2026,207.64,211.94,64.82,174.92,0.29,0.57,0.08
JPH,2026,550.69,275.28,62.29,153.07,0.3,0.52,0.08
JPHD,2026,466.21,209.44,66.87,175.64,0.26,0.56,0.1
JPI,2026,380.86,241.03,60.36,160.54,0.32,0.51,0.09
JPIM,2026,870.67,354.96,69.89,314.99,0.18,0.6,0.01
JPLN,2026,796.04,263.17,68.03,173.94,0.3,0.53,0.1
JPM,2026,831.57,167.34,50.3,148.28,0.14,0.78,0.22
JPN,2026,972.09,311.01,75.03,180.74,0.2,0.67,0.23
JPPI,2026,189.87,244.4,81.93,196.66,0.32,0.51,0.1
JPPR,2026,358.26,215.17,72.33,170.1,0.33,0.53,0.05
JPY,2026,358.26,215.17,72.33,170.1,0.33,0.53,0.05
JQS,2026,337.28,219.81,67.86,183.77,0.39,0.43,0.09
JRAI,2026,203.81,185.09,66.08,182.74,0.32,0.51,0.07
JRE,2026,883.74,292.54,73.69,154.85,0.25,0.59,0.11
JRH,2026,549.99,254.75,70.61,171.7,0.29,0.54,0.07
JRIR,2026,246.54,188.71,70.87,197.17,0.31,0.53,0.06
JRS,2026,309.13,138.06,76.79,208.33,0.2,0.66,0.04
JRS3,2026,568.08,235.75,79.11,175.03,0.32,0.52,0.15
JSAP,2026,612.74,193.64,77.02,224.13,0.25,0.61,0.12
JSC,2026,232.06,211.54,63.12,169.02,0.33,0.49,0.11
JSCM,2026,673.59,223.9,67.91,282.54,0.21,0.64,0.06
JSDE,2026,419.52,224.76,65.25,161.82,0.35,0.48,0.09
JSE,2026,537.99,206.06,60.51,154.33,0.33,0.53,0.06
JSF2,2026,251.06,258.53,67.29,171.94,0.35,0.48,0.1
JSFA,2026,6918.75,1331.59,57.17,122.93,0.2,0.69,0.35
JSID,2026,268.77,192.28,62.07,156.3,0.37,0.47,0.08
JSO,2026,2058.38,528.11,41.72,88.97,0.3,0.62,0.44
JSP2,2026,452.14,200.97,69.9,198.7,0.24,0.58,0.12
JSPN,2026,309.13,138.06,76.79,208.33,0.2,0.66,0.04
JSR,2026,1681.01,676.98,43.22,95.01,0.31,0.55,0.14
JSSC,2026,1046.38,421.79,53.35,137.94,0.32,0.52,0.31
JSSR,2026,406.2,168.92,87.53,200.81,0.21,0.62,0.16
JTR,2026,1798.78,714.02,245.6,295.4,0.2,0.47,0.03
JTS,2026,1331.6,253.81,55.55,151.85,0.26,0.6,0.19
JTSA,2026,561.24,232.43,76.34,191.51,0.37,0.47,0.09
JTSB,2026,246.54,188.71,70.87,197.17,0.31,0.53,0.06
JTXS,2026,225.13,154.23,53.7,174.25,0.45,0.34,0.01
JUM,2026,1572.31,658.21,41.09,113.39,0.23,0.57,0.25
JVC2,2026,483.17,206.07,79.27,153.23,0.35,0.51,0.01
JVH,2026,731.08,256.16,60.98,154.7,0.31,0.5,0.13
JVIM,2026,795.53,303.89,62.78,161.06,0.35,0.48,0.11
JVP,2026,232.06,211.54,63.12,169.02,0.33,0.49,0.11
JVS,2026,446.45,220.81,66.96,160.36,0.29,0.55,0.12
JWAS,2026,257.4,151.96,60.68,126.28,0.54,0.3,0.05
JWIP,2026,268.47,199.23,63.61,159.41,0.34,0.48,0.11
JWMG,2026,618.79,278.46,65.17,166.91,0.38,0.37,0.08
JZO,2026,408.56,210.52,66.97,173.27,0.27,0.58,0.06
KIN,2026,224.56,208.76,68.35,161.09,0.35,0.5,0.08
KJM2,2026,1121.45,320.96,46.08,96.43,0.18,0.68,0.05
KPM,2026,266.57,224.62,72.41,227.88,0.36,0.43,0.07
KYKL,2026,871.71,255.81,60.63,166.38,0.29,0.53,0.17
LAMP,2026,119.43,227.68,75.4,184.87,0.36,0.48,0.12
LANG,2026,877.09,201.02,72.02,236.31,0.25,0.61,0.07
LAPO,2026,292.47,175.01,74.9,190.29,0.33,0.47,0.1
LARY,2026,2622.84,1050.76,55.16,141.9,0.28,0.43,0.23
LCI2,2026,51.77,209.34,69.05,162.25,0.39,0.45,0.1
LCRP,2026,190.67,211.71,68.06,167.57,0.37,0.46,0.09
LDR,2026,2003.58,700.55,97.34,209.88,0.2,0.65,0.07
LEAP,2026,257.4,151.96,60.68,126.28,0.54,0.3,0.05
LEG3,2026,197.24,247.69,70.1,177.47,0.33,0.49,0.1
LIC3,2026,104.92,253.07,69.33,179.92,0.37,0.47,0.1
LIM2,2026,134.04,224.04,67.57,164.94,0.38,0.45,0.08
LIO2,2026,691.45,255.48,75.66,228.9,0.2,0.56,0.02
LIPD,2026,233.3,231.68,64.9,158.67,0.36,0.46,0.09
LIT,2026,197.02,203.16,71.95,172.17,0.35,0.42,0.08
LIV,2026,2778.61,505.72,48.81,135.75,0.2,0.68,0.2
LNC3,2026,109.34,249.07,68.8,172.85,0.38,0.45,0.1
LNO,2026,855.49,322.07,74.8,227.87,0.24,0.6,0.27
LOB,2026,146.93,176.48,57.76,143.38,0.43,0.39,0.07
LOL2,2026,336.73,178.24,63.44,161.58,0.33,0.5,0.08
LOM3,2026,226.24,229.21,69.49,170.37,0.36,0.46,0.1
LPOR,2026,2673.24,1216.6,45.4,87.91,0.33,0.49,0.48
LRE,2026,108.23,221.18,86.67,203.54,0.37,0.46,0.11
LRH2,2026,244.72,193.21,75.22,181.26,0.32,0.52,0.07
LS,2026,311.55,201.92,78.44,203.72,0.32,0.47,0.09
LSM,2026,431.09,246.68,63.35,158.84,0.32,0.5,0.08
LSQ,2026,359.22,248.37,69.14,187.86,0.32,0.45,0.09
LUTS,2026,504.97,251.26,63.99,164.99,0.31,0.52,0.09
MABI,2026,703.49,266.47,59.7,143.74,0.31,0.55,0.18
MACO,2026,560.68,194.78,72.29,272.19,0.18,0.67,0.01
MACP,2026,527.14,257.13,64.61,149.48,0.34,0.52,0.19
MAEC,2026,161.35,154.2,83.76,175.28,0.38,0.41,0.07
MAFI,2026,515.96,216.85,114.83,280.7,0.25,0.57,0.07
MALQ,2026,100.18,165.65,69.43,169.55,0.35,0.48,0.07
MAM,2026,195.89,199.21,91.31,197.77,0.29,0.54,0.07
MAME,2026,485.59,215.03,57.61,123.55,0.39,0.48,0.15
MANA,2026,858.54,320.6,77.25,187.65,0.3,0.53,0.07
MANC,2026,222.09,206.89,74.63,192.42,0.33,0.48,0.07
MAPS,2026,266.57,224.62,72.41,227.88,0.36,0.43,0.07
MAQ,2026,251.93,195.2,68.0,188.1,0.37,0.45,0.1
MAR,2026,1627.22,540.66,54.86,191.35,0.2,0.61,0.44
MARC,2026,1091.99,633.52,42.57,96.31,0.51,0.39,0.18
MAS,2026,101.34,204.36,68.54,164.87,0.44,0.43,0.08
MASY,2026,466.05,230.35,64.05,172.47,0.41,0.46,0.05
MATS,2026,100.18,165.65,69.43,169.55,0.35,0.48,0.07
MAWE,2026,402.0,234.84,75.55,183.54,0.36,0.47,0.08
MBA2,2026,60.5,218.24,62.2,167.98,0.44,0.42,0.09
MBE,2026,270.96,256.87,67.8,179.38,0.31,0.52,0.1
MBO3,2026,427.78,228.53,69.53,161.38,0.38,0.48,0.09
MBT2,2026,623.7,292.21,59.22,161.66,0.28,0.53,0.23
MC,2026,1587.59,366.21,47.08,134.38,0.15,0.76,0.44
MCDA,2026,403.3,203.06,69.06,190.59,0.27,0.6,0.11
MCN,2026,559.06,257.66,66.65,154.9,0.33,0.54,0.21
MCO2,2026,2063.22,649.48,74.37,182.38,0.27,0.62,0.31
MDC3,2026,1230.77,573.97,51.65,165.73,0.25,0.52,0.01
MDE,2026,4065.36,1018.91,72.12,164.8,0.19,0.72,0.04
MDS,2026,2134.57,463.74,50.2,127.05,0.24,0.59,0.21
MEC,2026,2510.85,504.29,64.06,151.28,0.3,0.5,0.26
MECA,2026,51.77,209.34,69.05,162.25,0.39,0.45,0.1
MED,2026,920.72,181.2,91.5,211.22,0.21,0.68,0.06
MEDU,2026,2777.72,721.52,84.17,146.43,0.21,0.61,0.06
MEE3,2026,1015.28,345.17,64.85,151.0,0.28,0.53,0.21
MEF2,2026,118.04,216.96,62.08,159.82,0.36,0.46,0.08
MEN,2026,746.68,314.0,69.66,145.09,0.33,0.44,0.27
MET,2026,298.24,227.86,66.58,168.18,0.33,0.49,0.08
META,2026,222.09,206.89,74.63,192.42,0.33,0.48,0.07
MGG3,2026,1627.48,316.41,57.3,134.99,0.12,0.8,0.22
MHS2,2026,161.35,154.2,83.76,175.28,0.38,0.41,0.07
MIA2,2026,437.26,259.57,63.37,162.7,0.35,0.42,0.12
MICC,2026,303.38,220.48,70.43,178.48,0.32,0.5,0.09
MICR,2026,472.41,289.23,54.45,183.63,0.32,0.37,0.14
MILA,2026,425.55,193.52,79.09,207.11,0.24,0.6,0.06
MILQ,2026,309.13,138.06,76.79,208.33,0.2,0.66,0.04
MIM,2026,450.82,220.12,59.24,157.3,0.28,0.57,0.1
MINF,2026,613.08,224.43,75.24,186.28,0.28,0.57,0.09
MJA2,2026,2382.82,378.44,66.43,140.06,0.21,0.67,0.03
MLF2,2026,261.59,207.35,69.63,187.51,0.29,0.52,0.08
MLR,2026,503.78,172.08,78.02,150.84,0.15,0.66,0.02
MMA,2026,4543.27,1484.48,91.35,189.16,0.18,0.65,0.08
MMI,2026,425.52,199.64,40.02,120.52,0.31,0.53,0.14
MMS,2026,225.13,154.23,53.7,174.25,0.45,0.34,0.01
MNA2,2026,198.96,197.66,66.15,158.65,0.37,0.46,0.09
MNFR,2026,1117.01,479.96,52.4,125.18,0.31,0.54,0.12
MODA,2026,119.43,227.68,75.4,184.87,0.36,0.48,0.12
MODL,2026,608.91,223.31,106.09,215.7,0.24,0.6,0.07
MOG2,2026,113.32,235.77,70.3,176.68,0.39,0.46,0.09
MOL2,2026,1626.69,302.81,54.37,179.44,0.14,0.77,0.25
MONO,2026,24.58,230.9,75.25,172.54,0.36,0.45,0.09
MOP,2026,1277.02,723.75,65.16,152.64,0.31,0.39,0.19
MOTH,2026,191.78,162.61,77.48,191.9,0.3,0.51,0.05
MP,2026,2359.9,980.64,59.6,173.89,0.32,0.41,0.12
MPO,2026,1951.66,690.64,42.08,122.16,0.34,0.51,0.15
MPP,2026,440.72,235.62,55.94,149.36,0.28,0.55,0.09
MPR,2026,310.71,221.32,79.13,192.14,0.31,0.55,0.11
MRC,2026,211.9,208.38,63.77,174.61,0.39,0.42,0.08
MRD,2026,450.82,220.12,59.24,157.3,0.28,0.57,0.1
MREN,2026,112.84,230.25,64.78,154.9,0.41,0.45,0.09
MRM,2026,1122.01,508.64,55.14,153.14,0.36,0.39,0.06
MSC,2026,977.29,282.33,55.46,156.58,0.31,0.47,0.1
MSD2,2026,118.04,216.96,62.08,159.82,0.36,0.46,0.08
MSP2,2026,90.79,209.11,68.72,166.62,0.42,0.43,0.08
MUAN,2026,120.44,243.54,70.92,182.21,0.36,0.48,0.1
MUS,2026,915.6,436.9,62.88,169.79,0.32,0.48,0.18
MUSA,2026,195.89,199.21,91.31,197.77,0.29,0.54,0.07
MVE,2026,204.44,122.7,82.57,189.02,0.29,0.61,0.05
MYC,2026,560.3,241.64,57.16,128.74,0.28,0.56,0.06
NAD,2026,43.16,244.2,73.79,176.11,0.33,0.5,0.11
NAG,2026,874.39,406.18,62.11,131.93,0.32,0.48,0.19
NAN,2026,506.58,219.21,58.91,151.3,0.35,0.49,0.1
NANA,2026,508.36,209.53,74.65,193.6,0.31,0.49,0.05
NANO,2026,572.82,252.16,64.76,165.0,0.35,0.47,0.1
NAPA,2026,65.09,219.86,77.31,177.08,0.38,0.47,0.1
NARF,2026,1852.96,470.34,120.68,198.93,0.17,0.64,0.04
NAU,2026,728.9,335.9,50.86,127.3,0.3,0.47,0.14
NAV,2026,555.82,245.09,78.64,189.8,0.39,0.44,0.05
NBM,2026,585.38,274.9,45.73,149.81,0.34,0.5,0.17
NBU,2026,512.88,240.32,72.03,174.85,0.31,0.55,0.09
NCN3,2026,268.89,222.35,60.32,152.63,0.34,0.47,0.16
NCP,2026,658.68,259.9,61.79,187.37,0.29,0.55,0.07
NDE2,2026,90.79,209.11,68.72,166.62,0.42,0.43,0.08
NDI,2026,491.44,223.31,63.24,153.62,0.32,0.51,0.08
NEM,2026,2130.03,368.84,67.34,172.94,0.07,0.82,0.79
NEP,2026,981.17,280.08,47.43,133.49,0.16,0.71,0.07
NEP3,2026,109.54,232.53,70.19,174.82,0.35,0.49,0.09
NET,2026,809.4,227.3,81.81,204.56,0.25,0.62,0.08
NEU,2026,162.09,206.28,76.13,196.29,0.39,0.43,0.08
NEUP,2026,380.95,249.5,63.02,164.62,0.32,0.52,0.09
NHS,2026,1521.9,361.55,60.32,155.82,0.23,0.63,0.14
NICC,2026,709.3,338.3,61.88,152.96,0.33,0.47,0.11
NIN,2026,695.56,178.49,82.97,232.1,0.17,0.7,0.03
NJB,2026,522.18,257.92,60.72,146.11,0.36,0.46,0.09
NLA,2026,272.3,196.1,71.69,180.32,0.36,0.46,0.11
NME,2026,1323.67,362.05,70.3,153.28,0.22,0.68,0.21
NML,2026,427.64,247.05,74.53,215.49,0.35,0.47,0.08
NMO,2026,1158.97,319.85,66.11,166.39,0.37,0.45,0.11
NOP2,2026,3066.88,587.02,156.4,288.37,0.19,0.67,0.32
NOUS,2026,661.72,259.03,85.13,191.02,0.21,0.55,0.06
NPH,2026,4258.42,1437.99,53.7,127.03,0.24,0.52,0.23
NPR2,2026,150.77,201.66,51.77,143.11,0.52,0.34,0.07
NRM,2026,207.64,211.94,64.82,174.92,0.29,0.57,0.08
NSE2,2026,84.43,210.99,61.74,151.89,0.43,0.41,0.08
NSG,2026,197.02,203.16,71.95,172.17,0.35,0.42,0.08
NTLS,2026,60.43,240.0,70.66,184.37,0.39,0.45,0.09
NTW2,2026,161.35,154.2,83.76,175.28,0.38,0.41,0.07
NTWE,2026,331.89,206.91,92.89,295.17,0.26,0.52,0.04
NUM,2026,483.17,206.07,79.27,153.23,0.35,0.51,0.01
NUP,2026,388.36,173.72,68.54,162.3,0.29,0.58,0.14
NUR,2026,970.31,329.88,65.97,190.49,0.18,0.67,0.23
NVSM,2026,246.54,188.71,70.87,197.17,0.31,0.53,0.06
NYAS,2026,886.58,292.58,64.09,156.14,0.28,0.59,0.07
NZG,2026,113.32,235.77,70.3,176.68,0.39,0.46,0.09
OA,2026,419.52,234.12,66.62,163.61,0.34,0.52,0.09
OBES,2026,560.68,194.78,72.29,272.19,0.18,0.67,0.01
OBR,2026,574.54,235.16,103.05,267.5,0.24,0.58,0.06
OBY,2026,1651.92,400.61,41.12,112.48,0.15,0.75,0.31
OCA,2026,1614.43,455.64,82.75,211.17,0.21,0.63,0.2
OCEA,2026,75.48,244.22,82.37,206.99,0.34,0.51,0.1
OCR,2026,770.1,285.29,67.8,185.98,0.3,0.5,0.18
ODI,2026,1773.09,681.83,38.0,133.2,0.2,0.59,0.58
OHN,2026,2367.62,791.09,48.03,108.42,0.2,0.6,0.14
OIK,2026,884.76,350.06,65.11,163.23,0.31,0.49,0.14
OLI,2026,228.35,104.3,114.89,228.46,0.27,0.55,0.1
OMI,2026,233.29,235.14,88.35,198.5,0.31,0.54,0.13
OPEC,2026,195.89,199.21,91.31,197.77,0.29,0.54,0.07
OPEN,2026,499.67,243.34,68.4,156.81,0.35,0.5,0.13
OPN,2026,517.81,181.31,95.47,238.67,0.18,0.65,0.24
OPO,2026,530.85,280.57,60.07,155.5,0.32,0.51,0.08
ORS,2026,419.52,224.76,65.25,161.82,0.35,0.48,0.09
OS,2026,1443.49,474.36,46.74,137.09,0.27,0.59,0.04
OSI2,2026,308.48,223.0,68.6,170.79,0.36,0.49,0.13
OSP4,2026,302.12,226.76,64.94,160.02,0.36,0.47,0.1
OTE2,2026,87.28,179.83,67.31,156.23,0.39,0.38,0.1
OTO2,2026,396.93,224.07,64.79,169.83,0.33,0.5,0.08
PA,2026,834.32,262.59,83.97,211.63,0.18,0.68,0.12
PACE,2026,1142.95,384.64,46.62,125.1,0.24,0.53,0.23
PAD,2026,650.59,213.32,67.25,220.98,0.24,0.63,0.13
PADM,2026,855.49,322.07,74.8,227.87,0.24,0.6,0.27
PADR,2026,527.14,257.13,64.61,149.48,0.34,0.52,0.19
PAER,2026,161.35,154.2,83.76,175.28,0.38,0.41,0.07
PAFO,2026,258.29,221.37,65.73,159.76,0.32,0.51,0.12
PAI,2026,728.9,335.9,50.86,127.3,0.3,0.47,0.14
PALA,2026,292.47,175.01,74.9,190.29,0.33,0.47,0.1
PALO,2026,423.58,249.18,69.54,179.27,0.38,0.41,0.08
PAM,2026,879.13,237.01,73.65,325.27,0.19,0.66,0.05
PAMM,2026,402.9,243.82,76.18,166.9,0.44,0.4,0.1
PAN,2026,593.58,321.51,61.4,159.27,0.35,0.41,0.17
PAN3,2026,907.93,392.31,79.05,227.49,0.23,0.57,0.04
PAPA,2026,751.92,227.64,63.63,175.83,0.26,0.56,0.12
PAPR,2026,838.44,169.17,99.74,193.59,0.14,0.78,0.63
PAPT,2026,396.39,208.91,76.94,198.05,0.29,0.56,0.1
PAT,2026,1303.44,448.72,35.79,90.57,0.26,0.61,0.16
PATH,2026,974.3,271.79,57.2,161.78,0.26,0.59,0.09
PBAF,2026,249.75,253.63,67.96,182.54,0.33,0.51,0.1
PBI,2026,1635.15,480.29,41.95,104.31,0.19,0.67,0.09
PBR,2026,550.69,275.28,62.29,153.07,0.3,0.52,0.08
PC,2026,4172.45,1413.31,43.63,92.56,0.25,0.63,0.16
PCA,2026,870.58,281.99,50.16,118.28,0.26,0.62,0.06
PCE,2026,2389.32,902.4,52.2,139.47,0.28,0.5,0.4
PCHJ,2026,377.77,206.91,68.98,170.64,0.29,0.56,0.11
PCMR,2026,275.78,222.67,64.17,162.81,0.31,0.52,0.09
PCN,2026,846.17,240.91,53.46,152.08,0.23,0.65,0.17
PCN5,2026,243.17,213.45,65.07,164.35,0.41,0.44,0.07
PD,2026,834.32,262.59,83.97,211.63,0.18,0.68,0.12
PDE,2026,1097.8,433.1,52.31,140.32,0.32,0.53,0.18
PDS,2026,883.74,292.54,73.69,154.85,0.25,0.59,0.11
PECH,2026,161.68,170.64,85.05,188.28,0.4,0.47,0.06
PED,2026,758.77,312.88,45.39,129.25,0.27,0.54,0.31
PED4,2026,358.84,202.09,59.81,154.63,0.26,0.58,0.17
PEI3,2026,197.02,203.16,71.95,172.17,0.35,0.42,0.08
PEL2,2026,754.51,282.68,62.29,160.33,0.41,0.41,0.09
PEN,2026,1097.46,425.0,54.23,136.68,0.37,0.45,0.12
PEP2,2026,143.66,202.19,59.55,148.7,0.39,0.47,0.07
PEPS,2026,719.58,304.77,70.36,304.36,0.21,0.53,0.18
PERE,2026,450.48,232.88,53.57,155.46,0.35,0.45,0.04
PETR,2026,467.22,249.78,77.57,196.91,0.36,0.46,0.05
PGR2,2026,52.08,248.64,65.12,164.42,0.39,0.46,0.1
PHAR,2026,1001.88,264.26,43.06,106.03,0.18,0.67,0.15
PHC3,2026,166.84,224.96,74.25,193.68,0.4,0.45,0.09
PHEN,2026,158.79,234.91,66.69,155.07,0.36,0.45,0.1
PHIB,2026,467.25,219.8,81.59,205.88,0.27,0.59,0.19
PHIL,2026,230.3,162.86,72.63,165.6,0.37,0.47,0.12
PHIN,2026,209.67,234.53,66.63,164.7,0.33,0.51,0.09
PHN,2026,1970.72,292.78,62.99,154.95,0.19,0.74,0.56
PHOR,2026,211.9,208.38,63.77,174.61,0.39,0.42,0.08
PHP,2026,555.82,245.09,78.64,189.8,0.39,0.44,0.05
PHPP,2026,336.73,178.24,63.44,161.58,0.33,0.5,0.08
PHPR,2026,691.45,255.48,75.66,228.9,0.2,0.56,0.02
PHY2,2026,780.42,351.54,58.17,151.22,0.42,0.42,0.08
PI,2026,383.69,151.33,54.68,131.65,0.27,0.59,0.02
PIM,2026,207.01,221.95,68.35,173.92,0.37,0.46,0.09
PIN,2026,425.52,199.64,40.02,120.52,0.31,0.53,0.14
PIP,2026,800.95,221.07,83.49,187.16,0.24,0.63,0.38
PITS,2026,1966.07,678.8,83.21,228.93,0.12,0.65,0.74
PLAR,2026,166.84,224.96,74.25,193.68,0.4,0.45,0.09
PLB,2026,874.39,406.18,62.11,131.93,0.32,0.48,0.19
PLD3,2026,439.48,221.03,66.49,166.17,0.38,0.48,0.08
PLR2,2026,190.67,211.71,68.06,167.57,0.37,0.46,0.09
PLS2,2026,143.3,265.94,64.75,165.11,0.33,0.48,0.1
PMH,2026,387.32,223.54,69.1,169.45,0.29,0.55,0.13
PMIC,2026,427.64,173.26,66.7,167.79,0.27,0.6,0.12
PMRJ,2026,907.93,392.31,79.05,227.49,0.23,0.57,0.04
PNE2,2026,60.43,240.0,70.66,184.37,0.39,0.45,0.09
POC,2026,381.94,222.53,84.91,188.69,0.32,0.53,0.09
POH2,2026,105.15,232.15,77.6,183.09,0.38,0.47,0.09
POI3,2026,381.78,154.66,74.95,187.35,0.29,0.57,0.05
POL,2026,1548.72,396.37,44.38,97.94,0.3,0.61,0.34
POLP,2026,226.77,158.45,89.57,219.79,0.34,0.43,0.07
PON,2026,1120.78,389.3,50.69,120.15,0.25,0.61,0.41
POP4,2026,191.78,162.61,77.48,191.9,0.3,0.51,0.05
POPE,2026,179.19,195.93,73.67,181.68,0.33,0.5,0.1
POPS,2026,532.56,269.86,76.16,196.36,0.31,0.51,0.09
PPA,2026,709.3,338.3,61.88,152.96,0.33,0.47,0.11
PPAP,2026,359.16,136.75,56.96,101.9,0.32,0.57,0.12
PPE,2026,585.38,274.9,45.73,149.81,0.34,0.5,0.17
PPJ2,2026,110.49,211.12,66.09,164.17,0.44,0.41,0.08
PPL,2026,2346.76,1204.36,50.27,80.9,0.29,0.44,0.25
PPP,2026,162.09,206.28,76.13,196.29,0.39,0.43,0.08
PPP3,2026,375.55,252.25,57.58,139.17,0.34,0.47,0.12
PPSC,2026,286.12,129.98,87.76,248.2,0.26,0.53,0.09
PPUL,2026,1354.97,504.25,64.02,146.37,0.4,0.46,0.17
PRCA,2026,369.21,205.98,65.61,164.38,0.32,0.54,0.07
PRD,2026,230.3,162.86,72.63,165.6,0.37,0.47,0.12
PRE,2026,107.02,208.03,68.08,170.92,0.35,0.51,0.09
PREP,2026,528.41,207.85,79.87,244.16,0.31,0.51,0.1
PRI,2026,797.42,254.52,60.08,149.15,0.31,0.54,0.12
PRM2,2026,110.49,211.12,66.09,164.17,0.44,0.41,0.08
PRO,2026,695.83,298.74,66.43,154.09,0.31,0.58,0.11
PRO6,2026,87.28,179.83,67.31,156.23,0.39,0.38,0.1
PROS,2026,655.6,216.87,63.45,151.39,0.21,0.65,0.1
PROT,2026,549.71,165.85,54.23,208.03,0.17,0.72,0.01
PRP2,2026,559.06,257.66,66.65,154.9,0.33,0.54,0.21
PRS,2026,408.56,210.52,66.97,173.27,0.27,0.58,0.06
PS,2026,2248.95,1148.98,47.3,109.98,0.34,0.45,0.13
PSBI,2026,185.58,109.72,52.07,149.75,0.4,0.48,0.01
PSC,2026,246.54,188.71,70.87,197.17,0.31,0.53,0.06
PSJ,2026,858.54,320.6,77.25,187.65,0.3,0.53,0.07
PSP,2026,737.46,290.77,67.95,305.96,0.26,0.49,0.09
PSP4,2026,386.93,224.33,66.78,171.18,0.36,0.47,0.11
PSQ,2026,179.19,195.93,73.67,181.68,0.33,0.5,0.1
PSRH,2026,433.0,197.36,87.58,226.16,0.3,0.55,0.09
PSSA,2026,1106.23,473.73,52.04,108.03,0.36,0.49,0.15
PSSB,2026,858.54,320.6,77.25,187.65,0.3,0.53,0.07
PSSR,2026,504.04,269.78,51.15,123.59,0.39,0.45,0.16
PST,2026,282.59,226.34,66.47,176.75,0.31,0.52,0.1
PSYG,2026,619.95,284.57,63.47,158.49,0.32,0.48,0.1
PSYP,2026,970.31,329.88,65.97,190.49,0.18,0.67,0.23
PTR,2026,6559.33,581.34,56.33,164.01,0.16,0.76,0.07
PTS,2026,529.26,184.57,77.19,176.42,0.26,0.56,0.05
PUAR,2026,1109.5,328.4,79.65,228.25,0.22,0.6,0.24
PUH2,2026,561.24,232.43,76.34,191.51,0.37,0.47,0.09
PUL2,2026,472.09,255.02,58.9,167.38,0.33,0.46,0.08
QJ,2026,785.89,271.45,77.88,202.12,0.35,0.47,0.07
QRE,2026,1182.22,397.21,58.63,147.82,0.23,0.64,0.13
QTC2,2026,177.25,247.49,69.65,166.46,0.32,0.5,0.1
QUA,2026,751.48,336.36,56.82,138.73,0.28,0.53,0.05
QUTE,2026,795.53,303.89,62.78,161.06,0.35,0.48,0.11
RADM,2026,545.08,204.42,105.5,423.9,0.21,0.61,0.03
RAI2,2026,255.44,235.29,68.04,191.38,0.34,0.44,0.1
RAJU,2026,49.14,238.8,66.73,165.73,0.32,0.5,0.09
RAQ,2026,506.99,263.35,65.46,167.78,0.31,0.48,0.09
RATI,2026,336.73,178.24,63.44,161.58,0.33,0.5,0.08
RCM,2026,550.56,286.33,59.28,142.7,0.44,0.41,0.11
RCO2,2026,76.09,246.77,66.4,165.25,0.35,0.48,0.1
RCP2,2026,181.09,202.22,65.0,151.72,0.34,0.5,0.08
RCR2,2026,506.58,219.21,58.91,151.3,0.35,0.49,0.1
RCS,2026,527.14,257.13,64.61,149.48,0.34,0.52,0.19
RDA,2026,655.6,216.87,63.45,151.39,0.21,0.65,0.1
RDS,2026,365.38,170.54,73.52,186.23,0.28,0.55,0.05
REC,2026,661.48,347.66,58.02,196.51,0.35,0.48,0.05
REC3,2026,160.36,256.45,69.77,174.84,0.37,0.47,0.1
REEC,2026,421.92,209.63,85.62,233.81,0.32,0.48,0.05
REEL,2026,320.55,224.82,66.65,169.93,0.36,0.47,0.12
REGO,2026,661.68,211.11,67.54,176.55,0.17,0.68,0.02
REM,2026,143.66,202.19,59.55,148.7,0.39,0.47,0.07
RESP,2026,1505.44,252.18,69.28,161.51,0.26,0.62,0.07
REST,2026,134.04,224.04,67.57,164.94,0.38,0.45,0.08
REV3,2026,472.4,233.99,98.15,215.4,0.28,0.54,0.11
RFC2,2026,303.38,220.48,70.43,178.48,0.32,0.5,0.09
RFE,2026,87.28,179.83,67.31,156.23,0.39,0.38,0.1
RGE,2026,118.04,216.96,62.08,159.82,0.36,0.46,0.08
RHC3,2026,233.7,171.99,78.64,190.56,0.34,0.51,0.06
RISA,2026,1236.69,443.75,74.29,225.19,0.23,0.57,0.06
RMB,2026,587.36,256.22,62.98,161.89,0.32,0.52,0.09
RMIR,2026,190.67,211.71,68.06,167.57,0.37,0.46,0.09
RMV,2026,497.63,200.74,65.31,152.25,0.39,0.43,0.11
RNC,2026,2409.65,915.26,64.13,174.23,0.28,0.5,0.24
ROB,2026,1109.5,328.4,79.65,228.25,0.22,0.6,0.24
RODE,2026,1715.24,531.64,135.34,268.24,0.16,0.68,0.09
ROG,2026,90.79,209.11,68.72,166.62,0.42,0.43,0.08
ROIE,2026,413.88,243.97,73.23,193.54,0.3,0.41,0.08
ROIW,2026,49.14,238.8,66.73,165.73,0.32,0.5,0.09
ROPR,2026,309.13,138.06,76.79,208.33,0.2,0.66,0.04
RPG2,2026,1189.66,403.79,66.65,155.92,0.37,0.31,0.16
RRA,2026,492.0,216.3,79.85,192.45,0.27,0.61,0.05
RRQ,2026,630.3,249.99,71.4,186.78,0.3,0.52,0.11
RSA,2026,381.94,222.53,84.91,188.69,0.32,0.53,0.09
RSE2,2026,298.69,216.78,71.09,173.17,0.28,0.58,0.08
RSN2,2026,351.81,277.31,51.51,121.85,0.45,0.21,0.17
RSR,2026,779.91,75.0,70.74,247.41,0.55,0.41,0.02
RUSO,2026,388.51,227.05,68.62,183.64,0.31,0.53,0.08
RUSS,2026,492.69,211.36,79.17,227.38,0.39,0.44,0.07
SAE2,2026,298.24,227.86,66.58,168.18,0.33,0.49,0.08
SAJ2,2026,351.81,277.31,51.51,121.85,0.45,0.21,0.17
SAJE,2026,426.63,233.76,73.43,190.28,0.31,0.54,0.09
SAM,2026,772.74,185.06,71.71,206.44,0.19,0.71,0.09
SAPM,2026,1136.13,253.97,67.74,151.04,0.28,0.58,0.07
SAT,2026,401.8,170.22,59.03,179.16,0.22,0.67,0.06
SCD,2026,567.48,214.19,64.03,137.67,0.26,0.58,0.18
SCE,2026,851.22,260.16,77.0,242.2,0.24,0.59,0.15
SCPS,2026,168.5,249.31,66.86,171.58,0.36,0.48,0.1
SCS,2026,1346.37,225.48,81.96,181.76,0.25,0.63,0.09
SD,2026,5844.02,820.05,64.08,169.14,0.16,0.73,0.08
SDI,2026,226.77,158.45,89.57,219.79,0.34,0.43,0.07
SDR,2026,244.72,193.21,75.22,181.26,0.32,0.52,0.07
SEA2,2026,99.92,205.19,73.98,172.98,0.44,0.42,0.08
SED,2026,381.78,154.66,74.95,187.35,0.29,0.57,0.05
SEJ,2026,805.99,227.43,92.22,351.12,0.15,0.68,0.01
SENA,2026,115.94,189.88,60.96,158.62,0.38,0.41,0.1
SFP2,2026,52.83,230.58,65.49,175.8,0.38,0.46,0.09
SGP2,2026,159.23,214.48,76.88,179.94,0.36,0.48,0.1
SHIL,2026,805.99,227.43,92.22,351.12,0.15,0.68,0.01
SIA,2026,333.09,223.44,69.92,168.22,0.32,0.54,0.08
SIFP,2026,333.15,215.35,71.0,170.78,0.33,0.52,0.12
SIM,2026,2262.93,499.56,77.03,218.9,0.3,0.5,0.09
SIPR,2026,90.79,209.11,68.72,166.62,0.42,0.43,0.08
SJI,2026,391.02,131.53,73.83,205.57,0.17,0.68,0.06
SJOP,2026,864.07,230.18,71.57,178.05,0.23,0.64,0.23
SJOS,2026,355.63,182.49,94.55,231.17,0.24,0.63,0.05
SJP,2026,529.26,184.57,77.19,176.42,0.26,0.56,0.05
SJPE,2026,288.58,191.36,117.9,212.16,0.36,0.43,0.05
SJTG,2026,199.65,198.25,65.73,174.2,0.39,0.44,0.1
SLCT,2026,6883.78,2544.92,50.19,108.85,0.39,0.41,0.1
SLTB,2026,655.6,216.87,63.45,151.39,0.21,0.65,0.1
SMC2,2026,196.84,199.55,68.23,166.1,0.36,0.47,0.11
SMI,2026,2320.27,288.84,77.33,186.41,0.17,0.73,0.11
SMJ,2026,1900.97,662.51,88.52,466.76,0.17,0.54,0.06
SMLL,2026,16018.98,5670.75,34.98,81.85,0.3,0.56,0.53
SMM2,2026,413.53,211.6,47.69,118.18,0.31,0.55,0.11
SMMD,2026,105.49,256.33,65.19,165.25,0.33,0.51,0.1
SMR,2026,841.38,249.19,88.71,232.03,0.21,0.64,0.05
SMS,2026,1816.12,350.37,52.9,140.35,0.12,0.78,0.12
SMSC,2026,770.1,285.29,67.8,185.98,0.3,0.5,0.18
SMT2,2026,333.15,215.35,71.0,170.78,0.33,0.52,0.12
SMTD,2026,2369.04,841.92,46.01,118.71,0.31,0.54,0.35
SOC4,2026,581.38,146.05,66.43,157.15,0.52,0.42,0.02
SOCF,2026,516.05,192.84,69.95,178.89,0.29,0.56,0.06
SODE,2026,359.16,136.75,56.96,101.9,0.32,0.57,0.12
SOIN,2026,223.33,166.76,70.0,188.59,0.34,0.5,0.13
SOLR,2026,1033.05,379.51,39.36,101.89,0.32,0.56,0.25
SONO,2026,199.65,198.25,65.73,174.2,0.39,0.44,0.1
SORU,2026,452.14,200.97,69.9,198.7,0.24,0.58,0.12
SPC3,2026,442.01,127.13,78.65,188.68,0.19,0.74,0.01
SPE,2026,695.83,298.74,66.43,154.09,0.31,0.58,0.11
SPOL,2026,576.42,250.24,69.6,181.72,0.23,0.57,0.06
SPSR,2026,222.09,206.89,74.63,192.42,0.33,0.48,0.07
SPY2,2026,699.86,341.0,58.47,158.89,0.3,0.43,0.07
SRBS,2026,555.04,232.97,70.94,202.51,0.3,0.55,0.05
SRIN,2026,1607.44,532.76,52.61,109.84,0.38,0.49,0.04
SRT,2026,987.7,268.22,65.05,142.11,0.28,0.6,0.05
SSCP,2026,456.07,259.46,62.42,161.39,0.34,0.49,0.09
SSM,2026,402.14,234.29,70.2,173.85,0.35,0.45,0.1
SSQU,2026,924.7,282.95,92.21,183.07,0.25,0.63,0.12
SSTR,2026,800.22,362.0,50.09,133.23,0.33,0.46,0.15
STA4,2026,368.99,238.15,57.55,145.41,0.3,0.52,0.1
STAN,2026,270.77,223.97,67.17,155.41,0.29,0.56,0.09
STAR,2026,496.83,263.34,65.45,174.02,0.38,0.45,0.1
STG2,2026,268.47,199.23,63.61,159.41,0.34,0.48,0.11
STR,2026,190.72,246.74,71.56,182.43,0.31,0.53,0.1
STUL,2026,233.29,235.14,88.35,198.5,0.31,0.54,0.13
STVR,2026,204.44,122.7,82.57,189.02,0.29,0.61,0.05
SUCO,2026,1582.72,1106.42,52.53,177.72,0.28,0.25,0.24
SUFL,2026,179.19,195.93,73.67,181.68,0.33,0.5,0.1
SUM,2026,883.74,292.54,73.69,154.85,0.25,0.59,0.11
SUS2,2026,467.14,162.97,52.4,112.71,0.26,0.64,0.19
SVI2,2026,3889.16,1286.04,33.73,115.76,0.2,0.58,0.34
SWE3,2026,591.36,274.01,63.5,162.79,0.36,0.44,0.11
SYB2,2026,204.44,122.7,82.57,189.02,0.29,0.61,0.05
SYEN,2026,191.78,162.61,77.48,191.9,0.3,0.51,0.05
SYMB,2026,224.56,208.76,68.35,161.09,0.35,0.5,0.08
SYN,2026,100.18,165.65,69.43,169.55,0.35,0.48,0.07
SYS,2026,492.0,216.3,79.85,192.45,0.27,0.61,0.05
SYST,2026,135.88,214.16,67.26,174.04,0.38,0.46,0.09
TAJA,2026,106.36,222.42,72.7,174.22,0.43,0.42,0.08
TAL,2026,342.26,267.37,70.34,173.28,0.32,0.41,0.08
TAN,2026,581.38,146.05,66.43,157.15,0.52,0.42,0.02
TAP,2026,375.55,252.25,57.58,139.17,0.34,0.47,0.12
TAX,2026,336.73,178.24,63.44,161.58,0.33,0.5,0.08
TBIO,2026,8.75,203.27,71.85,158.96,0.5,0.37,0.08
TCA,2026,1623.93,343.09,38.23,89.81,0.16,0.79,0.6
TCR,2026,492.88,215.71,51.59,133.67,0.36,0.48,0.17
TCT,2026,892.7,231.91,88.37,232.35,0.21,0.68,0.01
TEA,2026,897.4,240.37,84.94,202.05,0.24,0.59,0.08
TECT,2026,456.76,215.75,82.09,207.71,0.28,0.54,0.09
TER,2026,196.84,199.55,68.23,166.1,0.36,0.47,0.11
TESG,2026,209.48,210.94,77.01,192.66,0.33,0.5,0.09
TESJ,2026,467.22,249.78,77.57,196.91,0.36,0.46,0.05
TESQ,2026,806.55,254.69,78.14,200.15,0.26,0.57,0.15
TEST,2026,146.93,176.48,57.76,143.38,0.43,0.39,0.07
TETH,2026,87.28,179.83,67.31,156.23,0.39,0.38,0.1
TGER,2026,110.49,211.12,66.09,164.17,0.44,0.41,0.08
TGIS,2026,699.86,341.0,58.47,158.89,0.3,0.43,0.07
THEO,2026,278.9,226.68,81.38,208.04,0.36,0.47,0.12
TID,2026,425.52,199.64,40.02,120.52,0.31,0.53,0.14
TIE,2026,298.88,170.36,77.5,199.33,0.37,0.45,0.04
TJE2,2026,628.98,268.38,81.04,170.65,0.34,0.44,0.06
TJP,2026,1799.45,575.32,47.95,134.89,0.33,0.48,0.35
TKM2,2026,143.66,202.19,59.55,148.7,0.39,0.47,0.07
TME,2026,302.12,226.76,64.94,160.02,0.36,0.47,0.1
TMI,2026,1482.66,218.07,71.06,164.08,0.25,0.63,0.06
TOG,2026,135.88,214.16,67.26,174.04,0.38,0.46,0.09
TOPS,2026,179.77,159.67,100.0,229.61,0.44,0.44,0.06
TOX,2026,2212.3,734.93,61.6,142.47,0.25,0.6,0.1
TPG2,2026,257.4,151.96,60.68,126.28,0.54,0.3,0.05
TPJ,2026,2167.68,851.37,53.64,142.31,0.31,0.49,0.04
TQEM,2026,751.48,336.36,56.82,138.73,0.28,0.53,0.05
TRA,2026,217.82,225.43,72.15,184.24,0.3,0.56,0.1
TRAN,2026,191.78,162.61,77.48,191.9,0.3,0.51,0.05
TRC2,2026,246.54,188.71,70.87,197.17,0.31,0.53,0.06
TRE,2026,49.14,238.8,66.73,165.73,0.32,0.5,0.09
TRF,2026,1180.87,461.38,49.87,111.47,0.37,0.46,0.05
TRPS,2026,135.88,214.16,67.26,174.04,0.38,0.46,0.09
TRTR,2026,299.62,240.99,75.81,184.11,0.3,0.53,0.1
TWEC,2026,526.25,220.63,85.99,194.65,0.24,0.55,0.07
UAR2,2026,119.43,227.68,75.4,184.87,0.36,0.48,0.12
UEG2,2026,1303.44,448.72,35.79,90.57,0.26,0.61,0.16
UOG,2026,1338.48,514.12,48.49,139.95,0.24,0.53,0.3
VAR,2026,105.15,232.15,77.6,183.09,0.38,0.47,0.09
VCO,2026,359.77,259.79,66.0,169.1,0.34,0.48,0.12
VCP,2026,320.55,224.82,66.65,169.93,0.36,0.47,0.12
VDE,2026,243.17,213.45,65.07,164.35,0.41,0.44,0.07
VEC,2026,311.55,201.92,78.44,203.72,0.32,0.47,0.09
VETR,2026,483.99,262.82,63.99,160.87,0.33,0.48,0.12
VIW2,2026,199.65,198.25,65.73,174.2,0.39,0.44,0.1
VJCH,2026,467.22,249.78,77.57,196.91,0.36,0.46,0.05
VMS3,2026,1186.87,757.8,69.7,178.45,0.44,0.29,0.06
VNL,2026,513.17,254.41,58.53,149.42,0.32,0.5,0.11
VOP,2026,595.53,259.36,65.67,172.55,0.37,0.43,0.09
VOX,2026,468.94,232.47,49.16,116.27,0.35,0.49,0.08
VRC2,2026,540.6,326.29,69.19,164.4,0.55,0.3,0.06
VRO2,2026,110.29,230.8,69.33,172.64,0.37,0.46,0.09
VRU,2026,292.47,175.01,74.9,190.29,0.33,0.47,0.1
VSU,2026,427.64,247.05,74.53,215.49,0.35,0.47,0.08
VZJ2,2026,248.34,207.76,67.57,163.48,0.34,0.5,0.11
WAT2,2026,119.47,222.29,72.6,185.22,0.37,0.46,0.08
WBM,2026,139.36,187.4,76.2,181.09,0.38,0.44,0.07
WCC,2026,162.09,206.28,76.13,196.29,0.39,0.43,0.08
WCMS,2026,102.98,260.19,67.23,168.48,0.37,0.47,0.1
WCS,2026,101.86,227.9,75.75,193.54,0.39,0.45,0.09
WE,2026,453.12,215.63,87.13,216.68,0.33,0.44,0.13
WEA,2026,308.48,223.0,68.6,170.79,0.36,0.49,0.13
WEJ,2026,686.73,214.81,78.75,187.1,0.25,0.56,0.05
WENE,2026,110.29,230.8,69.33,172.64,0.37,0.46,0.09
WENG,2026,355.81,176.01,84.38,215.37,0.25,0.64,0.06
WER,2026,914.29,371.01,52.68,132.02,0.26,0.55,0.03
WFP2,2026,65.09,219.86,77.31,177.08,0.38,0.47,0.1
WFS2,2026,60.5,218.24,62.2,167.98,0.44,0.42,0.09
WICS,2026,101.34,204.36,68.54,164.87,0.44,0.43,0.08
WIDM,2026,119.47,222.29,72.6,185.22,0.37,0.46,0.08
WJO2,2026,414.25,215.48,60.87,154.23,0.28,0.57,0.07
WLB3,2026,288.58,191.36,117.9,212.16,0.36,0.43,0.05
WLL2,2026,84.12,233.51,66.6,164.38,0.37,0.46,0.09
WMH3,2026,185.39,228.05,68.92,163.43,0.33,0.5,0.08
WMON,2026,43.16,244.2,73.79,176.11,0.33,0.5,0.11
WNAN,2026,99.92,205.19,73.98,172.98,0.44,0.42,0.08
WRCR,2026,2478.72,1006.92,81.99,215.82,0.28,0.48,0.1
WRE,2026,299.67,235.61,61.69,171.02,0.36,0.46,0.12
WRNA,2026,110.49,211.12,66.09,164.17,0.44,0.41,0.08
WRR,2026,671.28,247.09,64.55,156.3,0.27,0.57,0.19
WSB4,2026,199.65,198.25,65.73,174.2,0.39,0.44,0.1
WSBM,2026,60.43,240.0,70.66,184.37,0.39,0.45,0.09
WSS2,2026,115.94,189.88,60.96,158.62,0.38,0.41,0.1
WVN,2026,840.5,206.39,73.05,154.48,0.18,0.68,0.33
WWP2,2026,197.02,203.16,71.95,172.17,0.35,0.42,0.08
XEN,2026,154.45,234.41,61.66,157.53,0.38,0.46,0.09
XRS,2026,146.93,176.48,57.76,143.38,0.43,0.39,0.07
YEA,2026,219.32,217.51,66.65,160.79,0.3,0.55,0.09
ZAAC,2026,298.88,170.36,77.5,199.33,0.37,0.45,0.04
ZAMM,2026,1541.99,765.61,111.92,203.1,0.28,0.47,0.12
ZOO,2026,310.71,221.32,79.13,192.14,0.31,0.55,0.11
ZPH,2026,571.34,241.71,66.0,170.21,0.29,0.57,0.2
ZSC,2026,308.79,214.33,64.36,210.44,0.34,0.47,0.08
